"analysis","N","deaths","term","HR","lower95","upper95","p"
"published_merged",1768,1088,"classPWK",2.04570452407709,1.56624766909891,2.6719318294259,1.49746719137438e-07
"published_merged",1768,1088,"classBK",2.29006593184175,1.76503458924201,2.97127433317577,4.48137506763002e-10
"published_merged",1768,1088,"classPMK",3.19445041330517,2.44680968306531,4.17053827835175,1.37256646919537e-17
"published_merged",1768,1088,"age",1.00540052114254,0.999573267995448,1.01126174566555,0.0693630372926799
"published_merged",1768,1088,"TMB >= 10",1.05120605941787,0.68351962711264,1.61668244118285,0.820121152806368
"published_merged",1768,1088,"typeMetastasis",1.96799564056376,1.73470966403881,2.23265421388193,7.25098916992262e-26
"published_merged",1768,1088,"FGA",0.907032056539739,0.637385927443845,1.29075198583387,0.58776106117071
"published_merged",1768,1088,"sexMale",1.19761910027963,1.06260315556748,1.34979037267081,0.00312734151158597
"original_PAAD_only",1624,1035,"classPWK",1.19357874053742,0.878515805713971,1.621632986677,0.257778350704793
"original_PAAD_only",1624,1035,"classBK",1.32274055541347,0.978105627328203,1.78880739262778,0.069337013179081
"original_PAAD_only",1624,1035,"classPMK",1.72966314988293,1.26469477760574,2.36557837119146,0.000603597384752059
"original_PAAD_only",1624,1035,"age",1.00621414847819,1.00017915809043,1.01228555345097,0.0435569917066896
"original_PAAD_only",1624,1035,"TMB >= 10",1.0925744437043,0.6542689451171,1.82450798550756,0.735052461840298
"original_PAAD_only",1624,1035,"typeMetastasis",1.82976105874379,1.60514753114258,2.08580548961252,1.54332504986365e-19
"original_PAAD_only",1624,1035,"FGA",2.46142961393836,1.57327611373133,3.8509678571319,8.00154280537011e-05
"original_PAAD_only",1624,1035,"sexMale",1.19633925214487,1.05809179965358,1.35264974805695,0.00422014291464459
