"orig","class","Freq","gene","tt"
"BLCA","WT",647,"ARID1A","BLCA"
"UTUC","WT",127,"ARID1A","BLCA"
"BLCA","PWK",62,"ARID1A","BLCA"
"UTUC","PWK",10,"ARID1A","BLCA"
"BLCA","BK",154,"ARID1A","BLCA"
"UTUC","BK",32,"ARID1A","BLCA"
"BLCA","PMK",41,"ARID1A","BLCA"
"UTUC","PMK",10,"ARID1A","BLCA"
"BLCA","WT",794,"ATM","BLCA"
"UTUC","WT",157,"ATM","BLCA"
"BLCA","PWK",12,"ATM","BLCA"
"UTUC","PWK",1,"ATM","BLCA"
"BLCA","BK",65,"ATM","BLCA"
"UTUC","BK",14,"ATM","BLCA"
"BLCA","PMK",33,"ATM","BLCA"
"UTUC","PMK",7,"ATM","BLCA"
"BLCA","WT",780,"CDKN1A","BLCA"
"UTUC","WT",162,"CDKN1A","BLCA"
"BLCA","PWK",26,"CDKN1A","BLCA"
"UTUC","PWK",1,"CDKN1A","BLCA"
"BLCA","BK",82,"CDKN1A","BLCA"
"UTUC","BK",16,"CDKN1A","BLCA"
"BLCA","PMK",16,"CDKN1A","BLCA"
"BLCA","WT",773,"CREBBP","BLCA"
"UTUC","WT",143,"CREBBP","BLCA"
"BLCA","PWK",27,"CREBBP","BLCA"
"UTUC","PWK",4,"CREBBP","BLCA"
"BLCA","BK",91,"CREBBP","BLCA"
"UTUC","BK",28,"CREBBP","BLCA"
"BLCA","PMK",13,"CREBBP","BLCA"
"UTUC","PMK",4,"CREBBP","BLCA"
"BLCA","WT",811,"ELF3","BLCA"
"UTUC","WT",164,"ELF3","BLCA"
"BLCA","PWK",25,"ELF3","BLCA"
"UTUC","PWK",5,"ELF3","BLCA"
"BLCA","BK",62,"ELF3","BLCA"
"UTUC","BK",8,"ELF3","BLCA"
"BLCA","PMK",6,"ELF3","BLCA"
"UTUC","PMK",2,"ELF3","BLCA"
"BLCA","WT",794,"EP300","BLCA"
"UTUC","WT",156,"EP300","BLCA"
"BLCA","PWK",17,"EP300","BLCA"
"UTUC","PWK",4,"EP300","BLCA"
"BLCA","BK",81,"EP300","BLCA"
"UTUC","BK",17,"EP300","BLCA"
"BLCA","PMK",12,"EP300","BLCA"
"UTUC","PMK",2,"EP300","BLCA"
"BLCA","WT",778,"ERBB2","BLCA"
"UTUC","WT",163,"ERBB2","BLCA"
"BLCA","PWK",58,"ERBB2","BLCA"
"UTUC","PWK",4,"ERBB2","BLCA"
"BLCA","BK",42,"ERBB2","BLCA"
"UTUC","BK",9,"ERBB2","BLCA"
"BLCA","PMK",26,"ERBB2","BLCA"
"UTUC","PMK",3,"ERBB2","BLCA"
"BLCA","WT",799,"ERBB3","BLCA"
"UTUC","WT",165,"ERBB3","BLCA"
"BLCA","PWK",39,"ERBB3","BLCA"
"UTUC","PWK",6,"ERBB3","BLCA"
"BLCA","BK",53,"ERBB3","BLCA"
"UTUC","BK",7,"ERBB3","BLCA"
"BLCA","PMK",13,"ERBB3","BLCA"
"UTUC","PMK",1,"ERBB3","BLCA"
"BLCA","WT",790,"ERCC2","BLCA"
"UTUC","WT",166,"ERCC2","BLCA"
"BLCA","PWK",22,"ERCC2","BLCA"
"UTUC","PWK",3,"ERCC2","BLCA"
"BLCA","BK",88,"ERCC2","BLCA"
"UTUC","BK",10,"ERCC2","BLCA"
"BLCA","PMK",4,"ERCC2","BLCA"
"BLCA","WT",797,"FAT1","BLCA"
"UTUC","WT",161,"FAT1","BLCA"
"BLCA","PWK",20,"FAT1","BLCA"
"UTUC","PWK",2,"FAT1","BLCA"
"BLCA","BK",73,"FAT1","BLCA"
"UTUC","BK",14,"FAT1","BLCA"
"BLCA","PMK",14,"FAT1","BLCA"
"UTUC","PMK",2,"FAT1","BLCA"
"BLCA","WT",679,"FGFR3","BLCA"
"UTUC","WT",117,"FGFR3","BLCA"
"BLCA","PWK",50,"FGFR3","BLCA"
"UTUC","PWK",7,"FGFR3","BLCA"
"BLCA","BK",102,"FGFR3","BLCA"
"UTUC","BK",34,"FGFR3","BLCA"
"BLCA","PMK",73,"FGFR3","BLCA"
"UTUC","PMK",21,"FGFR3","BLCA"
"BLCA","WT",679,"FGFR3:p.S249C","BLCA"
"UTUC","WT",117,"FGFR3:p.S249C","BLCA"
"BLCA","PWK",31,"FGFR3:p.S249C","BLCA"
"UTUC","PWK",3,"FGFR3:p.S249C","BLCA"
"BLCA","BK",66,"FGFR3:p.S249C","BLCA"
"UTUC","BK",15,"FGFR3:p.S249C","BLCA"
"BLCA","PMK",53,"FGFR3:p.S249C","BLCA"
"UTUC","PMK",10,"FGFR3:p.S249C","BLCA"
"BLCA","WT",600,"KDM6A","BLCA"
"UTUC","WT",130,"KDM6A","BLCA"
"BLCA","PWK",12,"KDM6A","BLCA"
"UTUC","PWK",5,"KDM6A","BLCA"
"BLCA","BK",82,"KDM6A","BLCA"
"UTUC","BK",17,"KDM6A","BLCA"
"BLCA","PMK",210,"KDM6A","BLCA"
"UTUC","PMK",27,"KDM6A","BLCA"
"BLCA","WT",819,"KMT2A","BLCA"
"UTUC","WT",165,"KMT2A","BLCA"
"BLCA","PWK",19,"KMT2A","BLCA"
"UTUC","PWK",3,"KMT2A","BLCA"
"BLCA","BK",36,"KMT2A","BLCA"
"UTUC","BK",10,"KMT2A","BLCA"
"BLCA","PMK",30,"KMT2A","BLCA"
"UTUC","PMK",1,"KMT2A","BLCA"
"BLCA","WT",792,"KMT2C","BLCA"
"UTUC","WT",154,"KMT2C","BLCA"
"BLCA","PWK",29,"KMT2C","BLCA"
"UTUC","PWK",2,"KMT2C","BLCA"
"BLCA","BK",65,"KMT2C","BLCA"
"UTUC","BK",17,"KMT2C","BLCA"
"BLCA","PMK",18,"KMT2C","BLCA"
"UTUC","PMK",6,"KMT2C","BLCA"
"BLCA","WT",703,"KMT2D","BLCA"
"UTUC","WT",120,"KMT2D","BLCA"
"BLCA","PWK",43,"KMT2D","BLCA"
"UTUC","PWK",7,"KMT2D","BLCA"
"BLCA","BK",139,"KMT2D","BLCA"
"UTUC","BK",48,"KMT2D","BLCA"
"BLCA","PMK",19,"KMT2D","BLCA"
"UTUC","PMK",4,"KMT2D","BLCA"
"BLCA","WT",711,"PIK3CA","BLCA"
"UTUC","WT",141,"PIK3CA","BLCA"
"BLCA","PWK",46,"PIK3CA","BLCA"
"UTUC","PWK",10,"PIK3CA","BLCA"
"BLCA","BK",86,"PIK3CA","BLCA"
"UTUC","BK",18,"PIK3CA","BLCA"
"BLCA","PMK",61,"PIK3CA","BLCA"
"UTUC","PMK",10,"PIK3CA","BLCA"
"BLCA","WT",742,"RB1","BLCA"
"UTUC","WT",171,"RB1","BLCA"
"BLCA","PWK",14,"RB1","BLCA"
"BLCA","BK",42,"RB1","BLCA"
"UTUC","BK",3,"RB1","BLCA"
"BLCA","PMK",106,"RB1","BLCA"
"UTUC","PMK",5,"RB1","BLCA"
"BLCA","WT",812,"RBM10","BLCA"
"UTUC","WT",167,"RBM10","BLCA"
"BLCA","PWK",8,"RBM10","BLCA"
"UTUC","PWK",1,"RBM10","BLCA"
"BLCA","BK",29,"RBM10","BLCA"
"UTUC","BK",4,"RBM10","BLCA"
"BLCA","PMK",55,"RBM10","BLCA"
"UTUC","PMK",7,"RBM10","BLCA"
"BLCA","WT",823,"SMARCA4","BLCA"
"UTUC","WT",154,"SMARCA4","BLCA"
"BLCA","PWK",18,"SMARCA4","BLCA"
"UTUC","PWK",5,"SMARCA4","BLCA"
"BLCA","BK",58,"SMARCA4","BLCA"
"UTUC","BK",15,"SMARCA4","BLCA"
"BLCA","PMK",5,"SMARCA4","BLCA"
"UTUC","PMK",5,"SMARCA4","BLCA"
"BLCA","WT",804,"STAG2","BLCA"
"UTUC","WT",157,"STAG2","BLCA"
"BLCA","PWK",7,"STAG2","BLCA"
"UTUC","PWK",1,"STAG2","BLCA"
"BLCA","BK",20,"STAG2","BLCA"
"UTUC","BK",6,"STAG2","BLCA"
"BLCA","PMK",73,"STAG2","BLCA"
"UTUC","PMK",15,"STAG2","BLCA"
"BLCA","WT",220,"TERT","BLCA"
"UTUC","WT",72,"TERT","BLCA"
"BLCA","PWK",36,"TERT","BLCA"
"UTUC","PWK",4,"TERT","BLCA"
"BLCA","BK",314,"TERT","BLCA"
"UTUC","BK",50,"TERT","BLCA"
"BLCA","PMK",334,"TERT","BLCA"
"UTUC","PMK",53,"TERT","BLCA"
"BLCA","WT",220,"TERT:NA","BLCA"
"UTUC","WT",72,"TERT:NA","BLCA"
"BLCA","PWK",34,"TERT:NA","BLCA"
"UTUC","PWK",2,"TERT:NA","BLCA"
"BLCA","BK",312,"TERT:NA","BLCA"
"UTUC","BK",48,"TERT:NA","BLCA"
"BLCA","PMK",332,"TERT:NA","BLCA"
"UTUC","PMK",52,"TERT:NA","BLCA"
"BLCA","WT",467,"TP53","BLCA"
"UTUC","WT",107,"TP53","BLCA"
"BLCA","PWK",84,"TP53","BLCA"
"UTUC","PWK",13,"TP53","BLCA"
"BLCA","BK",220,"TP53","BLCA"
"UTUC","BK",34,"TP53","BLCA"
"BLCA","PMK",133,"TP53","BLCA"
"UTUC","PMK",25,"TP53","BLCA"
"IDC","WT",93,"TP53","BRCA:HR+HER2+"
"IDC","PWK",21,"TP53","BRCA:HR+HER2+"
"IDC","BK",47,"TP53","BRCA:HR+HER2+"
"IDC","PMK",47,"TP53","BRCA:HR+HER2+"
"IDC","WT",1148,"AKT1","BRCA:HR+HER2-"
"ILC","WT",312,"AKT1","BRCA:HR+HER2-"
"IDC","PWK",16,"AKT1","BRCA:HR+HER2-"
"ILC","PWK",8,"AKT1","BRCA:HR+HER2-"
"IDC","BK",41,"AKT1","BRCA:HR+HER2-"
"ILC","BK",12,"AKT1","BRCA:HR+HER2-"
"IDC","PMK",23,"AKT1","BRCA:HR+HER2-"
"ILC","PMK",7,"AKT1","BRCA:HR+HER2-"
"IDC","WT",1138,"ARID1A","BRCA:HR+HER2-"
"ILC","WT",311,"ARID1A","BRCA:HR+HER2-"
"IDC","PWK",22,"ARID1A","BRCA:HR+HER2-"
"ILC","PWK",7,"ARID1A","BRCA:HR+HER2-"
"IDC","BK",43,"ARID1A","BRCA:HR+HER2-"
"ILC","BK",11,"ARID1A","BRCA:HR+HER2-"
"IDC","PMK",25,"ARID1A","BRCA:HR+HER2-"
"ILC","PMK",10,"ARID1A","BRCA:HR+HER2-"
"IDC","WT",1139,"CBFB","BRCA:HR+HER2-"
"ILC","WT",309,"CBFB","BRCA:HR+HER2-"
"IDC","PWK",6,"CBFB","BRCA:HR+HER2-"
"ILC","PWK",3,"CBFB","BRCA:HR+HER2-"
"IDC","BK",25,"CBFB","BRCA:HR+HER2-"
"ILC","BK",7,"CBFB","BRCA:HR+HER2-"
"IDC","PMK",58,"CBFB","BRCA:HR+HER2-"
"ILC","PMK",20,"CBFB","BRCA:HR+HER2-"
"IDC","WT",1200,"CDH1","BRCA:HR+HER2-"
"ILC","WT",43,"CDH1","BRCA:HR+HER2-"
"IDC","PWK",8,"CDH1","BRCA:HR+HER2-"
"ILC","PWK",57,"CDH1","BRCA:HR+HER2-"
"IDC","BK",11,"CDH1","BRCA:HR+HER2-"
"ILC","BK",109,"CDH1","BRCA:HR+HER2-"
"IDC","PMK",9,"CDH1","BRCA:HR+HER2-"
"ILC","PMK",130,"CDH1","BRCA:HR+HER2-"
"IDC","WT",1100,"ESR1","BRCA:HR+HER2-"
"ILC","WT",313,"ESR1","BRCA:HR+HER2-"
"IDC","PWK",40,"ESR1","BRCA:HR+HER2-"
"ILC","PWK",4,"ESR1","BRCA:HR+HER2-"
"IDC","BK",63,"ESR1","BRCA:HR+HER2-"
"ILC","BK",13,"ESR1","BRCA:HR+HER2-"
"IDC","PMK",25,"ESR1","BRCA:HR+HER2-"
"ILC","PMK",9,"ESR1","BRCA:HR+HER2-"
"IDC","WT",1159,"FOXA1","BRCA:HR+HER2-"
"ILC","WT",307,"FOXA1","BRCA:HR+HER2-"
"IDC","PWK",16,"FOXA1","BRCA:HR+HER2-"
"ILC","PWK",14,"FOXA1","BRCA:HR+HER2-"
"IDC","BK",31,"FOXA1","BRCA:HR+HER2-"
"ILC","BK",12,"FOXA1","BRCA:HR+HER2-"
"IDC","PMK",22,"FOXA1","BRCA:HR+HER2-"
"ILC","PMK",6,"FOXA1","BRCA:HR+HER2-"
"IDC","WT",944,"GATA3","BRCA:HR+HER2-"
"ILC","WT",323,"GATA3","BRCA:HR+HER2-"
"IDC","PWK",78,"GATA3","BRCA:HR+HER2-"
"ILC","PWK",5,"GATA3","BRCA:HR+HER2-"
"IDC","BK",191,"GATA3","BRCA:HR+HER2-"
"ILC","BK",9,"GATA3","BRCA:HR+HER2-"
"IDC","PMK",15,"GATA3","BRCA:HR+HER2-"
"ILC","PMK",2,"GATA3","BRCA:HR+HER2-"
"IDC","WT",1079,"MAP3K1","BRCA:HR+HER2-"
"ILC","WT",301,"MAP3K1","BRCA:HR+HER2-"
"IDC","PWK",25,"MAP3K1","BRCA:HR+HER2-"
"ILC","PWK",9,"MAP3K1","BRCA:HR+HER2-"
"IDC","BK",72,"MAP3K1","BRCA:HR+HER2-"
"ILC","BK",19,"MAP3K1","BRCA:HR+HER2-"
"IDC","PMK",47,"MAP3K1","BRCA:HR+HER2-"
"ILC","PMK",8,"MAP3K1","BRCA:HR+HER2-"
"IDC","WT",662,"PIK3CA","BRCA:HR+HER2-"
"ILC","WT",164,"PIK3CA","BRCA:HR+HER2-"
"IDC","PWK",143,"PIK3CA","BRCA:HR+HER2-"
"ILC","PWK",46,"PIK3CA","BRCA:HR+HER2-"
"IDC","BK",227,"PIK3CA","BRCA:HR+HER2-"
"ILC","BK",83,"PIK3CA","BRCA:HR+HER2-"
"IDC","PMK",196,"PIK3CA","BRCA:HR+HER2-"
"ILC","PMK",46,"PIK3CA","BRCA:HR+HER2-"
"IDC","WT",662,"PIK3CA:p.E545K","BRCA:HR+HER2-"
"ILC","WT",164,"PIK3CA:p.E545K","BRCA:HR+HER2-"
"IDC","PWK",46,"PIK3CA:p.E545K","BRCA:HR+HER2-"
"ILC","PWK",15,"PIK3CA:p.E545K","BRCA:HR+HER2-"
"IDC","BK",35,"PIK3CA:p.E545K","BRCA:HR+HER2-"
"ILC","BK",13,"PIK3CA:p.E545K","BRCA:HR+HER2-"
"IDC","PMK",47,"PIK3CA:p.E545K","BRCA:HR+HER2-"
"ILC","PMK",16,"PIK3CA:p.E545K","BRCA:HR+HER2-"
"IDC","WT",662,"PIK3CA:p.H1047R","BRCA:HR+HER2-"
"ILC","WT",164,"PIK3CA:p.H1047R","BRCA:HR+HER2-"
"IDC","PWK",46,"PIK3CA:p.H1047R","BRCA:HR+HER2-"
"ILC","PWK",17,"PIK3CA:p.H1047R","BRCA:HR+HER2-"
"IDC","BK",78,"PIK3CA:p.H1047R","BRCA:HR+HER2-"
"ILC","BK",31,"PIK3CA:p.H1047R","BRCA:HR+HER2-"
"IDC","PMK",67,"PIK3CA:p.H1047R","BRCA:HR+HER2-"
"ILC","PMK",11,"PIK3CA:p.H1047R","BRCA:HR+HER2-"
"IDC","WT",1135,"PTEN","BRCA:HR+HER2-"
"ILC","WT",306,"PTEN","BRCA:HR+HER2-"
"IDC","PWK",12,"PTEN","BRCA:HR+HER2-"
"ILC","PWK",3,"PTEN","BRCA:HR+HER2-"
"IDC","BK",31,"PTEN","BRCA:HR+HER2-"
"ILC","BK",11,"PTEN","BRCA:HR+HER2-"
"IDC","PMK",50,"PTEN","BRCA:HR+HER2-"
"ILC","PMK",19,"PTEN","BRCA:HR+HER2-"
"IDC","WT",1162,"TBX3","BRCA:HR+HER2-"
"ILC","WT",283,"TBX3","BRCA:HR+HER2-"
"IDC","PWK",15,"TBX3","BRCA:HR+HER2-"
"ILC","PWK",17,"TBX3","BRCA:HR+HER2-"
"IDC","BK",43,"TBX3","BRCA:HR+HER2-"
"ILC","BK",33,"TBX3","BRCA:HR+HER2-"
"IDC","PMK",8,"TBX3","BRCA:HR+HER2-"
"ILC","PMK",6,"TBX3","BRCA:HR+HER2-"
"IDC","WT",844,"TP53","BRCA:HR+HER2-"
"ILC","WT",295,"TP53","BRCA:HR+HER2-"
"IDC","PWK",63,"TP53","BRCA:HR+HER2-"
"ILC","PWK",10,"TP53","BRCA:HR+HER2-"
"IDC","BK",154,"TP53","BRCA:HR+HER2-"
"ILC","BK",15,"TP53","BRCA:HR+HER2-"
"IDC","PMK",167,"TP53","BRCA:HR+HER2-"
"ILC","PMK",19,"TP53","BRCA:HR+HER2-"
"IDC","WT",28,"TP53","BRCA:TN"
"IDC","PWK",48,"TP53","BRCA:TN"
"IDC","BK",101,"TP53","BRCA:TN"
"IDC","PMK",123,"TP53","BRCA:TN"
"COAD","WT",193,"AMER1","CRC:CRC HM"
"COADREAD","WT",30,"AMER1","CRC:CRC HM"
"READ","WT",23,"AMER1","CRC:CRC HM"
"COAD","PWK",10,"AMER1","CRC:CRC HM"
"COADREAD","PWK",1,"AMER1","CRC:CRC HM"
"COAD","BK",46,"AMER1","CRC:CRC HM"
"COADREAD","BK",3,"AMER1","CRC:CRC HM"
"READ","BK",4,"AMER1","CRC:CRC HM"
"COAD","PMK",24,"AMER1","CRC:CRC HM"
"COADREAD","PMK",3,"AMER1","CRC:CRC HM"
"READ","PMK",9,"AMER1","CRC:CRC HM"
"COAD","WT",116,"APC","CRC:CRC HM"
"COADREAD","WT",12,"APC","CRC:CRC HM"
"READ","WT",5,"APC","CRC:CRC HM"
"COAD","PWK",10,"APC","CRC:CRC HM"
"READ","PWK",1,"APC","CRC:CRC HM"
"COAD","BK",71,"APC","CRC:CRC HM"
"COADREAD","BK",11,"APC","CRC:CRC HM"
"READ","BK",14,"APC","CRC:CRC HM"
"COAD","PMK",76,"APC","CRC:CRC HM"
"COADREAD","PMK",14,"APC","CRC:CRC HM"
"READ","PMK",16,"APC","CRC:CRC HM"
"COAD","WT",107,"ARID1A","CRC:CRC HM"
"COADREAD","WT",11,"ARID1A","CRC:CRC HM"
"READ","WT",9,"ARID1A","CRC:CRC HM"
"COAD","PWK",26,"ARID1A","CRC:CRC HM"
"COADREAD","PWK",3,"ARID1A","CRC:CRC HM"
"READ","PWK",1,"ARID1A","CRC:CRC HM"
"COAD","BK",112,"ARID1A","CRC:CRC HM"
"COADREAD","BK",15,"ARID1A","CRC:CRC HM"
"READ","BK",22,"ARID1A","CRC:CRC HM"
"COAD","PMK",28,"ARID1A","CRC:CRC HM"
"COADREAD","PMK",8,"ARID1A","CRC:CRC HM"
"READ","PMK",4,"ARID1A","CRC:CRC HM"
"COAD","WT",184,"ARID1B","CRC:CRC HM"
"COADREAD","WT",25,"ARID1B","CRC:CRC HM"
"READ","WT",24,"ARID1B","CRC:CRC HM"
"COAD","PWK",19,"ARID1B","CRC:CRC HM"
"COADREAD","PWK",1,"ARID1B","CRC:CRC HM"
"READ","PWK",1,"ARID1B","CRC:CRC HM"
"COAD","BK",43,"ARID1B","CRC:CRC HM"
"COADREAD","BK",7,"ARID1B","CRC:CRC HM"
"READ","BK",10,"ARID1B","CRC:CRC HM"
"COAD","PMK",27,"ARID1B","CRC:CRC HM"
"COADREAD","PMK",4,"ARID1B","CRC:CRC HM"
"READ","PMK",1,"ARID1B","CRC:CRC HM"
"COAD","WT",196,"ASXL1","CRC:CRC HM"
"COADREAD","WT",26,"ASXL1","CRC:CRC HM"
"READ","WT",25,"ASXL1","CRC:CRC HM"
"COAD","PWK",15,"ASXL1","CRC:CRC HM"
"READ","PWK",1,"ASXL1","CRC:CRC HM"
"COAD","BK",39,"ASXL1","CRC:CRC HM"
"COADREAD","BK",6,"ASXL1","CRC:CRC HM"
"READ","BK",7,"ASXL1","CRC:CRC HM"
"COAD","PMK",23,"ASXL1","CRC:CRC HM"
"COADREAD","PMK",5,"ASXL1","CRC:CRC HM"
"READ","PMK",3,"ASXL1","CRC:CRC HM"
"COAD","WT",188,"ATM","CRC:CRC HM"
"COADREAD","WT",21,"ATM","CRC:CRC HM"
"READ","WT",21,"ATM","CRC:CRC HM"
"COAD","PWK",6,"ATM","CRC:CRC HM"
"COADREAD","PWK",1,"ATM","CRC:CRC HM"
"READ","PWK",1,"ATM","CRC:CRC HM"
"COAD","BK",46,"ATM","CRC:CRC HM"
"COADREAD","BK",9,"ATM","CRC:CRC HM"
"READ","BK",7,"ATM","CRC:CRC HM"
"COAD","PMK",33,"ATM","CRC:CRC HM"
"COADREAD","PMK",6,"ATM","CRC:CRC HM"
"READ","PMK",7,"ATM","CRC:CRC HM"
"COAD","WT",175,"B2M","CRC:CRC HM"
"COADREAD","WT",31,"B2M","CRC:CRC HM"
"READ","WT",22,"B2M","CRC:CRC HM"
"COAD","PWK",7,"B2M","CRC:CRC HM"
"COADREAD","PWK",1,"B2M","CRC:CRC HM"
"COAD","BK",63,"B2M","CRC:CRC HM"
"COADREAD","BK",3,"B2M","CRC:CRC HM"
"READ","BK",13,"B2M","CRC:CRC HM"
"COAD","PMK",28,"B2M","CRC:CRC HM"
"COADREAD","PMK",2,"B2M","CRC:CRC HM"
"READ","PMK",1,"B2M","CRC:CRC HM"
"COAD","WT",162,"BRAF","CRC:CRC HM"
"COADREAD","WT",24,"BRAF","CRC:CRC HM"
"READ","WT",31,"BRAF","CRC:CRC HM"
"COAD","PWK",22,"BRAF","CRC:CRC HM"
"COADREAD","PWK",2,"BRAF","CRC:CRC HM"
"READ","PWK",2,"BRAF","CRC:CRC HM"
"COAD","BK",65,"BRAF","CRC:CRC HM"
"COADREAD","BK",9,"BRAF","CRC:CRC HM"
"READ","BK",2,"BRAF","CRC:CRC HM"
"COAD","PMK",24,"BRAF","CRC:CRC HM"
"COADREAD","PMK",2,"BRAF","CRC:CRC HM"
"READ","PMK",1,"BRAF","CRC:CRC HM"
"COAD","WT",162,"BRAF:p.V600E","CRC:CRC HM"
"COADREAD","WT",24,"BRAF:p.V600E","CRC:CRC HM"
"READ","WT",31,"BRAF:p.V600E","CRC:CRC HM"
"COAD","PWK",14,"BRAF:p.V600E","CRC:CRC HM"
"COADREAD","PWK",1,"BRAF:p.V600E","CRC:CRC HM"
"READ","PWK",1,"BRAF:p.V600E","CRC:CRC HM"
"COAD","BK",59,"BRAF:p.V600E","CRC:CRC HM"
"COADREAD","BK",7,"BRAF:p.V600E","CRC:CRC HM"
"COAD","PMK",18,"BRAF:p.V600E","CRC:CRC HM"
"COADREAD","PMK",2,"BRAF:p.V600E","CRC:CRC HM"
"COAD","WT",169,"BRCA2","CRC:CRC HM"
"COADREAD","WT",27,"BRCA2","CRC:CRC HM"
"READ","WT",21,"BRCA2","CRC:CRC HM"
"COAD","PWK",13,"BRCA2","CRC:CRC HM"
"COADREAD","PWK",1,"BRCA2","CRC:CRC HM"
"COAD","BK",70,"BRCA2","CRC:CRC HM"
"COADREAD","BK",7,"BRCA2","CRC:CRC HM"
"READ","BK",12,"BRCA2","CRC:CRC HM"
"COAD","PMK",21,"BRCA2","CRC:CRC HM"
"COADREAD","PMK",2,"BRCA2","CRC:CRC HM"
"READ","PMK",3,"BRCA2","CRC:CRC HM"
"COAD","WT",192,"CARD11","CRC:CRC HM"
"COADREAD","WT",26,"CARD11","CRC:CRC HM"
"READ","WT",25,"CARD11","CRC:CRC HM"
"COAD","PWK",41,"CARD11","CRC:CRC HM"
"COADREAD","PWK",7,"CARD11","CRC:CRC HM"
"READ","PWK",6,"CARD11","CRC:CRC HM"
"COAD","BK",35,"CARD11","CRC:CRC HM"
"COADREAD","BK",3,"CARD11","CRC:CRC HM"
"READ","BK",3,"CARD11","CRC:CRC HM"
"COAD","PMK",5,"CARD11","CRC:CRC HM"
"COADREAD","PMK",1,"CARD11","CRC:CRC HM"
"READ","PMK",2,"CARD11","CRC:CRC HM"
"COAD","WT",176,"CASP8","CRC:CRC HM"
"COADREAD","WT",19,"CASP8","CRC:CRC HM"
"READ","WT",28,"CASP8","CRC:CRC HM"
"COAD","PWK",21,"CASP8","CRC:CRC HM"
"COADREAD","PWK",5,"CASP8","CRC:CRC HM"
"READ","PWK",2,"CASP8","CRC:CRC HM"
"COAD","BK",75,"CASP8","CRC:CRC HM"
"COADREAD","BK",12,"CASP8","CRC:CRC HM"
"READ","BK",5,"CASP8","CRC:CRC HM"
"COAD","PMK",1,"CASP8","CRC:CRC HM"
"COADREAD","PMK",1,"CASP8","CRC:CRC HM"
"READ","PMK",1,"CASP8","CRC:CRC HM"
"COAD","WT",178,"CIC","CRC:CRC HM"
"COADREAD","WT",21,"CIC","CRC:CRC HM"
"READ","WT",26,"CIC","CRC:CRC HM"
"COAD","PWK",25,"CIC","CRC:CRC HM"
"READ","PWK",3,"CIC","CRC:CRC HM"
"COAD","BK",62,"CIC","CRC:CRC HM"
"COADREAD","BK",15,"CIC","CRC:CRC HM"
"READ","BK",6,"CIC","CRC:CRC HM"
"COAD","PMK",8,"CIC","CRC:CRC HM"
"COADREAD","PMK",1,"CIC","CRC:CRC HM"
"READ","PMK",1,"CIC","CRC:CRC HM"
"COAD","WT",156,"CREBBP","CRC:CRC HM"
"COADREAD","WT",23,"CREBBP","CRC:CRC HM"
"READ","WT",23,"CREBBP","CRC:CRC HM"
"COAD","PWK",23,"CREBBP","CRC:CRC HM"
"COADREAD","PWK",3,"CREBBP","CRC:CRC HM"
"COAD","BK",84,"CREBBP","CRC:CRC HM"
"COADREAD","BK",11,"CREBBP","CRC:CRC HM"
"READ","BK",13,"CREBBP","CRC:CRC HM"
"COAD","PMK",10,"CREBBP","CRC:CRC HM"
"COAD","WT",176,"EP300","CRC:CRC HM"
"COADREAD","WT",25,"EP300","CRC:CRC HM"
"READ","WT",28,"EP300","CRC:CRC HM"
"COAD","PWK",32,"EP300","CRC:CRC HM"
"COADREAD","PWK",1,"EP300","CRC:CRC HM"
"READ","PWK",1,"EP300","CRC:CRC HM"
"COAD","BK",59,"EP300","CRC:CRC HM"
"COADREAD","BK",11,"EP300","CRC:CRC HM"
"READ","BK",6,"EP300","CRC:CRC HM"
"COAD","PMK",6,"EP300","CRC:CRC HM"
"READ","PMK",1,"EP300","CRC:CRC HM"
"COAD","WT",138,"FAT1","CRC:CRC HM"
"COADREAD","WT",19,"FAT1","CRC:CRC HM"
"READ","WT",22,"FAT1","CRC:CRC HM"
"COAD","PWK",22,"FAT1","CRC:CRC HM"
"COADREAD","PWK",3,"FAT1","CRC:CRC HM"
"READ","PWK",2,"FAT1","CRC:CRC HM"
"COAD","BK",94,"FAT1","CRC:CRC HM"
"COADREAD","BK",12,"FAT1","CRC:CRC HM"
"READ","BK",5,"FAT1","CRC:CRC HM"
"COAD","PMK",19,"FAT1","CRC:CRC HM"
"COADREAD","PMK",3,"FAT1","CRC:CRC HM"
"READ","PMK",7,"FAT1","CRC:CRC HM"
"COAD","WT",167,"FBXW7","CRC:CRC HM"
"COADREAD","WT",23,"FBXW7","CRC:CRC HM"
"READ","WT",15,"FBXW7","CRC:CRC HM"
"COAD","PWK",21,"FBXW7","CRC:CRC HM"
"COADREAD","PWK",4,"FBXW7","CRC:CRC HM"
"READ","PWK",2,"FBXW7","CRC:CRC HM"
"COAD","BK",69,"FBXW7","CRC:CRC HM"
"COADREAD","BK",7,"FBXW7","CRC:CRC HM"
"READ","BK",16,"FBXW7","CRC:CRC HM"
"COAD","PMK",16,"FBXW7","CRC:CRC HM"
"COADREAD","PMK",3,"FBXW7","CRC:CRC HM"
"READ","PMK",3,"FBXW7","CRC:CRC HM"
"COAD","WT",191,"FLT4","CRC:CRC HM"
"COADREAD","WT",27,"FLT4","CRC:CRC HM"
"READ","WT",24,"FLT4","CRC:CRC HM"
"COAD","PWK",41,"FLT4","CRC:CRC HM"
"COADREAD","PWK",7,"FLT4","CRC:CRC HM"
"READ","PWK",6,"FLT4","CRC:CRC HM"
"COAD","BK",35,"FLT4","CRC:CRC HM"
"COADREAD","BK",2,"FLT4","CRC:CRC HM"
"READ","BK",6,"FLT4","CRC:CRC HM"
"COAD","PMK",6,"FLT4","CRC:CRC HM"
"COADREAD","PMK",1,"FLT4","CRC:CRC HM"
"COAD","WT",199,"KMT2A","CRC:CRC HM"
"COADREAD","WT",21,"KMT2A","CRC:CRC HM"
"READ","WT",24,"KMT2A","CRC:CRC HM"
"COAD","PWK",25,"KMT2A","CRC:CRC HM"
"COADREAD","PWK",4,"KMT2A","CRC:CRC HM"
"READ","PWK",3,"KMT2A","CRC:CRC HM"
"COAD","BK",39,"KMT2A","CRC:CRC HM"
"COADREAD","BK",8,"KMT2A","CRC:CRC HM"
"READ","BK",5,"KMT2A","CRC:CRC HM"
"COAD","PMK",10,"KMT2A","CRC:CRC HM"
"COADREAD","PMK",4,"KMT2A","CRC:CRC HM"
"READ","PMK",4,"KMT2A","CRC:CRC HM"
"COAD","WT",184,"KMT2C","CRC:CRC HM"
"COADREAD","WT",26,"KMT2C","CRC:CRC HM"
"READ","WT",20,"KMT2C","CRC:CRC HM"
"COAD","PWK",21,"KMT2C","CRC:CRC HM"
"COADREAD","PWK",1,"KMT2C","CRC:CRC HM"
"READ","PWK",2,"KMT2C","CRC:CRC HM"
"COAD","BK",53,"KMT2C","CRC:CRC HM"
"COADREAD","BK",8,"KMT2C","CRC:CRC HM"
"READ","BK",12,"KMT2C","CRC:CRC HM"
"COAD","PMK",15,"KMT2C","CRC:CRC HM"
"COADREAD","PMK",2,"KMT2C","CRC:CRC HM"
"READ","PMK",2,"KMT2C","CRC:CRC HM"
"COAD","WT",114,"KMT2D","CRC:CRC HM"
"COADREAD","WT",12,"KMT2D","CRC:CRC HM"
"READ","WT",14,"KMT2D","CRC:CRC HM"
"COAD","PWK",40,"KMT2D","CRC:CRC HM"
"COADREAD","PWK",3,"KMT2D","CRC:CRC HM"
"READ","PWK",5,"KMT2D","CRC:CRC HM"
"COAD","BK",115,"KMT2D","CRC:CRC HM"
"COADREAD","BK",21,"KMT2D","CRC:CRC HM"
"READ","BK",17,"KMT2D","CRC:CRC HM"
"COAD","PMK",4,"KMT2D","CRC:CRC HM"
"COADREAD","PMK",1,"KMT2D","CRC:CRC HM"
"COAD","WT",181,"KRAS","CRC:CRC HM"
"COADREAD","WT",25,"KRAS","CRC:CRC HM"
"READ","WT",11,"KRAS","CRC:CRC HM"
"COAD","PWK",21,"KRAS","CRC:CRC HM"
"COADREAD","PWK",1,"KRAS","CRC:CRC HM"
"READ","PWK",6,"KRAS","CRC:CRC HM"
"COAD","BK",57,"KRAS","CRC:CRC HM"
"COADREAD","BK",7,"KRAS","CRC:CRC HM"
"READ","BK",17,"KRAS","CRC:CRC HM"
"COAD","PMK",14,"KRAS","CRC:CRC HM"
"COADREAD","PMK",4,"KRAS","CRC:CRC HM"
"READ","PMK",2,"KRAS","CRC:CRC HM"
"COAD","WT",180,"MSH6","CRC:CRC HM"
"COADREAD","WT",24,"MSH6","CRC:CRC HM"
"READ","WT",26,"MSH6","CRC:CRC HM"
"COAD","PWK",14,"MSH6","CRC:CRC HM"
"COADREAD","PWK",1,"MSH6","CRC:CRC HM"
"READ","PWK",3,"MSH6","CRC:CRC HM"
"COAD","BK",62,"MSH6","CRC:CRC HM"
"COADREAD","BK",11,"MSH6","CRC:CRC HM"
"READ","BK",6,"MSH6","CRC:CRC HM"
"COAD","PMK",17,"MSH6","CRC:CRC HM"
"COADREAD","PMK",1,"MSH6","CRC:CRC HM"
"READ","PMK",1,"MSH6","CRC:CRC HM"
"COAD","WT",188,"NCOR1","CRC:CRC HM"
"COADREAD","WT",27,"NCOR1","CRC:CRC HM"
"READ","WT",28,"NCOR1","CRC:CRC HM"
"COAD","PWK",18,"NCOR1","CRC:CRC HM"
"READ","PWK",1,"NCOR1","CRC:CRC HM"
"COAD","BK",63,"NCOR1","CRC:CRC HM"
"COADREAD","BK",9,"NCOR1","CRC:CRC HM"
"READ","BK",6,"NCOR1","CRC:CRC HM"
"COAD","PMK",4,"NCOR1","CRC:CRC HM"
"COADREAD","PMK",1,"NCOR1","CRC:CRC HM"
"READ","PMK",1,"NCOR1","CRC:CRC HM"
"COAD","WT",171,"NOTCH1","CRC:CRC HM"
"COADREAD","WT",22,"NOTCH1","CRC:CRC HM"
"READ","WT",24,"NOTCH1","CRC:CRC HM"
"COAD","PWK",23,"NOTCH1","CRC:CRC HM"
"COADREAD","PWK",4,"NOTCH1","CRC:CRC HM"
"READ","PWK",3,"NOTCH1","CRC:CRC HM"
"COAD","BK",72,"NOTCH1","CRC:CRC HM"
"COADREAD","BK",11,"NOTCH1","CRC:CRC HM"
"READ","BK",8,"NOTCH1","CRC:CRC HM"
"COAD","PMK",7,"NOTCH1","CRC:CRC HM"
"READ","PMK",1,"NOTCH1","CRC:CRC HM"
"COAD","WT",141,"PIK3CA","CRC:CRC HM"
"COADREAD","WT",19,"PIK3CA","CRC:CRC HM"
"READ","WT",23,"PIK3CA","CRC:CRC HM"
"COAD","PWK",25,"PIK3CA","CRC:CRC HM"
"COADREAD","PWK",5,"PIK3CA","CRC:CRC HM"
"READ","PWK",2,"PIK3CA","CRC:CRC HM"
"COAD","BK",53,"PIK3CA","CRC:CRC HM"
"COADREAD","BK",6,"PIK3CA","CRC:CRC HM"
"READ","BK",6,"PIK3CA","CRC:CRC HM"
"COAD","PMK",54,"PIK3CA","CRC:CRC HM"
"COADREAD","PMK",7,"PIK3CA","CRC:CRC HM"
"READ","PMK",5,"PIK3CA","CRC:CRC HM"
"COAD","WT",182,"POLD1","CRC:CRC HM"
"COADREAD","WT",25,"POLD1","CRC:CRC HM"
"READ","WT",25,"POLD1","CRC:CRC HM"
"COAD","PWK",21,"POLD1","CRC:CRC HM"
"READ","PWK",3,"POLD1","CRC:CRC HM"
"COAD","BK",68,"POLD1","CRC:CRC HM"
"COADREAD","BK",12,"POLD1","CRC:CRC HM"
"READ","BK",7,"POLD1","CRC:CRC HM"
"COAD","PMK",2,"POLD1","CRC:CRC HM"
"READ","PMK",1,"POLD1","CRC:CRC HM"
"COAD","WT",162,"POLE","CRC:CRC HM"
"COADREAD","WT",19,"POLE","CRC:CRC HM"
"READ","WT",24,"POLE","CRC:CRC HM"
"COAD","PWK",28,"POLE","CRC:CRC HM"
"COADREAD","PWK",3,"POLE","CRC:CRC HM"
"READ","PWK",1,"POLE","CRC:CRC HM"
"COAD","BK",82,"POLE","CRC:CRC HM"
"COADREAD","BK",14,"POLE","CRC:CRC HM"
"READ","BK",11,"POLE","CRC:CRC HM"
"COAD","PMK",1,"POLE","CRC:CRC HM"
"COADREAD","PMK",1,"POLE","CRC:CRC HM"
"COAD","WT",169,"PTCH1","CRC:CRC HM"
"COADREAD","WT",22,"PTCH1","CRC:CRC HM"
"READ","WT",27,"PTCH1","CRC:CRC HM"
"COAD","PWK",21,"PTCH1","CRC:CRC HM"
"COAD","BK",67,"PTCH1","CRC:CRC HM"
"COADREAD","BK",13,"PTCH1","CRC:CRC HM"
"READ","BK",8,"PTCH1","CRC:CRC HM"
"COAD","PMK",16,"PTCH1","CRC:CRC HM"
"COADREAD","PMK",2,"PTCH1","CRC:CRC HM"
"READ","PMK",1,"PTCH1","CRC:CRC HM"
"COAD","WT",191,"PTEN","CRC:CRC HM"
"COADREAD","WT",27,"PTEN","CRC:CRC HM"
"READ","WT",26,"PTEN","CRC:CRC HM"
"COAD","PWK",3,"PTEN","CRC:CRC HM"
"COAD","BK",22,"PTEN","CRC:CRC HM"
"COADREAD","BK",5,"PTEN","CRC:CRC HM"
"READ","BK",3,"PTEN","CRC:CRC HM"
"COAD","PMK",57,"PTEN","CRC:CRC HM"
"COADREAD","PMK",5,"PTEN","CRC:CRC HM"
"READ","PMK",7,"PTEN","CRC:CRC HM"
"COAD","WT",191,"PTPRT","CRC:CRC HM"
"COADREAD","WT",23,"PTPRT","CRC:CRC HM"
"READ","WT",26,"PTPRT","CRC:CRC HM"
"COAD","PWK",17,"PTPRT","CRC:CRC HM"
"COADREAD","PWK",3,"PTPRT","CRC:CRC HM"
"READ","PWK",3,"PTPRT","CRC:CRC HM"
"COAD","BK",58,"PTPRT","CRC:CRC HM"
"COADREAD","BK",11,"PTPRT","CRC:CRC HM"
"READ","BK",6,"PTPRT","CRC:CRC HM"
"COAD","PMK",7,"PTPRT","CRC:CRC HM"
"READ","PMK",1,"PTPRT","CRC:CRC HM"
"COAD","WT",106,"RNF43","CRC:CRC HM"
"COADREAD","WT",17,"RNF43","CRC:CRC HM"
"READ","WT",20,"RNF43","CRC:CRC HM"
"COAD","PWK",16,"RNF43","CRC:CRC HM"
"READ","PWK",4,"RNF43","CRC:CRC HM"
"COAD","BK",108,"RNF43","CRC:CRC HM"
"COADREAD","BK",17,"RNF43","CRC:CRC HM"
"READ","BK",11,"RNF43","CRC:CRC HM"
"COAD","PMK",43,"RNF43","CRC:CRC HM"
"COADREAD","PMK",3,"RNF43","CRC:CRC HM"
"READ","PMK",1,"RNF43","CRC:CRC HM"
"COAD","WT",106,"RNF43:p.G659Vfs*41","CRC:CRC HM"
"COADREAD","WT",17,"RNF43:p.G659Vfs*41","CRC:CRC HM"
"READ","WT",20,"RNF43:p.G659Vfs*41","CRC:CRC HM"
"COAD","PWK",10,"RNF43:p.G659Vfs*41","CRC:CRC HM"
"COADREAD","PWK",1,"RNF43:p.G659Vfs*41","CRC:CRC HM"
"READ","PWK",2,"RNF43:p.G659Vfs*41","CRC:CRC HM"
"COAD","BK",83,"RNF43:p.G659Vfs*41","CRC:CRC HM"
"COADREAD","BK",15,"RNF43:p.G659Vfs*41","CRC:CRC HM"
"READ","BK",6,"RNF43:p.G659Vfs*41","CRC:CRC HM"
"COAD","PMK",34,"RNF43:p.G659Vfs*41","CRC:CRC HM"
"COAD","WT",190,"SETD2","CRC:CRC HM"
"COADREAD","WT",28,"SETD2","CRC:CRC HM"
"READ","WT",24,"SETD2","CRC:CRC HM"
"COAD","PWK",14,"SETD2","CRC:CRC HM"
"COADREAD","PWK",2,"SETD2","CRC:CRC HM"
"READ","PWK",2,"SETD2","CRC:CRC HM"
"COAD","BK",53,"SETD2","CRC:CRC HM"
"COADREAD","BK",6,"SETD2","CRC:CRC HM"
"READ","BK",9,"SETD2","CRC:CRC HM"
"COAD","PMK",16,"SETD2","CRC:CRC HM"
"COADREAD","PMK",1,"SETD2","CRC:CRC HM"
"READ","PMK",1,"SETD2","CRC:CRC HM"
"COAD","WT",180,"SMARCA4","CRC:CRC HM"
"COADREAD","WT",26,"SMARCA4","CRC:CRC HM"
"READ","WT",25,"SMARCA4","CRC:CRC HM"
"COAD","PWK",26,"SMARCA4","CRC:CRC HM"
"COADREAD","PWK",2,"SMARCA4","CRC:CRC HM"
"READ","PWK",1,"SMARCA4","CRC:CRC HM"
"COAD","BK",64,"SMARCA4","CRC:CRC HM"
"COADREAD","BK",8,"SMARCA4","CRC:CRC HM"
"READ","BK",8,"SMARCA4","CRC:CRC HM"
"COAD","PMK",3,"SMARCA4","CRC:CRC HM"
"COADREAD","PMK",1,"SMARCA4","CRC:CRC HM"
"READ","PMK",2,"SMARCA4","CRC:CRC HM"
"COAD","WT",175,"SPEN","CRC:CRC HM"
"COADREAD","WT",20,"SPEN","CRC:CRC HM"
"READ","WT",17,"SPEN","CRC:CRC HM"
"COAD","PWK",22,"SPEN","CRC:CRC HM"
"COADREAD","PWK",4,"SPEN","CRC:CRC HM"
"READ","PWK",2,"SPEN","CRC:CRC HM"
"COAD","BK",60,"SPEN","CRC:CRC HM"
"COADREAD","BK",11,"SPEN","CRC:CRC HM"
"READ","BK",15,"SPEN","CRC:CRC HM"
"COAD","PMK",16,"SPEN","CRC:CRC HM"
"COADREAD","PMK",2,"SPEN","CRC:CRC HM"
"READ","PMK",2,"SPEN","CRC:CRC HM"
"COAD","WT",161,"TCF7L2","CRC:CRC HM"
"COADREAD","WT",14,"TCF7L2","CRC:CRC HM"
"READ","WT",17,"TCF7L2","CRC:CRC HM"
"COAD","PWK",29,"TCF7L2","CRC:CRC HM"
"COADREAD","PWK",3,"TCF7L2","CRC:CRC HM"
"READ","PWK",6,"TCF7L2","CRC:CRC HM"
"COAD","BK",50,"TCF7L2","CRC:CRC HM"
"COADREAD","BK",14,"TCF7L2","CRC:CRC HM"
"READ","BK",7,"TCF7L2","CRC:CRC HM"
"COAD","PMK",33,"TCF7L2","CRC:CRC HM"
"COADREAD","PMK",6,"TCF7L2","CRC:CRC HM"
"READ","PMK",6,"TCF7L2","CRC:CRC HM"
"COAD","WT",161,"TCF7L2:p.K468Sfs*23","CRC:CRC HM"
"COADREAD","WT",14,"TCF7L2:p.K468Sfs*23","CRC:CRC HM"
"READ","WT",17,"TCF7L2:p.K468Sfs*23","CRC:CRC HM"
"COAD","PWK",5,"TCF7L2:p.K468Sfs*23","CRC:CRC HM"
"COAD","BK",37,"TCF7L2:p.K468Sfs*23","CRC:CRC HM"
"COADREAD","BK",12,"TCF7L2:p.K468Sfs*23","CRC:CRC HM"
"READ","BK",7,"TCF7L2:p.K468Sfs*23","CRC:CRC HM"
"COAD","PMK",31,"TCF7L2:p.K468Sfs*23","CRC:CRC HM"
"COADREAD","PMK",5,"TCF7L2:p.K468Sfs*23","CRC:CRC HM"
"READ","PMK",6,"TCF7L2:p.K468Sfs*23","CRC:CRC HM"
"COAD","WT",184,"TGFBR2","CRC:CRC HM"
"COADREAD","WT",22,"TGFBR2","CRC:CRC HM"
"READ","WT",30,"TGFBR2","CRC:CRC HM"
"COAD","PWK",10,"TGFBR2","CRC:CRC HM"
"COAD","BK",65,"TGFBR2","CRC:CRC HM"
"COADREAD","BK",13,"TGFBR2","CRC:CRC HM"
"READ","BK",6,"TGFBR2","CRC:CRC HM"
"COAD","PMK",14,"TGFBR2","CRC:CRC HM"
"COADREAD","PMK",2,"TGFBR2","CRC:CRC HM"
"COAD","WT",180,"TP53","CRC:CRC HM"
"COADREAD","WT",27,"TP53","CRC:CRC HM"
"READ","WT",23,"TP53","CRC:CRC HM"
"COAD","PWK",25,"TP53","CRC:CRC HM"
"COADREAD","PWK",1,"TP53","CRC:CRC HM"
"READ","PWK",5,"TP53","CRC:CRC HM"
"COAD","BK",60,"TP53","CRC:CRC HM"
"COADREAD","BK",9,"TP53","CRC:CRC HM"
"READ","BK",8,"TP53","CRC:CRC HM"
"COAD","PMK",8,"TP53","CRC:CRC HM"
"COAD","WT",121,"ZFHX3","CRC:CRC HM"
"COADREAD","WT",18,"ZFHX3","CRC:CRC HM"
"READ","WT",16,"ZFHX3","CRC:CRC HM"
"COAD","PWK",17,"ZFHX3","CRC:CRC HM"
"COADREAD","PWK",4,"ZFHX3","CRC:CRC HM"
"READ","PWK",2,"ZFHX3","CRC:CRC HM"
"COAD","BK",110,"ZFHX3","CRC:CRC HM"
"COADREAD","BK",13,"ZFHX3","CRC:CRC HM"
"READ","BK",16,"ZFHX3","CRC:CRC HM"
"COAD","PMK",25,"ZFHX3","CRC:CRC HM"
"COADREAD","PMK",2,"ZFHX3","CRC:CRC HM"
"READ","PMK",2,"ZFHX3","CRC:CRC HM"
"COAD","WT",1845,"AMER1","CRC:CRC MSS"
"COADREAD","WT",380,"AMER1","CRC:CRC MSS"
"READ","WT",675,"AMER1","CRC:CRC MSS"
"COAD","PWK",14,"AMER1","CRC:CRC MSS"
"COADREAD","PWK",5,"AMER1","CRC:CRC MSS"
"READ","PWK",8,"AMER1","CRC:CRC MSS"
"COAD","BK",58,"AMER1","CRC:CRC MSS"
"COADREAD","BK",14,"AMER1","CRC:CRC MSS"
"READ","BK",12,"AMER1","CRC:CRC MSS"
"COAD","PMK",34,"AMER1","CRC:CRC MSS"
"COADREAD","PMK",5,"AMER1","CRC:CRC MSS"
"READ","PMK",17,"AMER1","CRC:CRC MSS"
"COAD","WT",409,"APC","CRC:CRC MSS"
"COADREAD","WT",94,"APC","CRC:CRC MSS"
"READ","WT",159,"APC","CRC:CRC MSS"
"COAD","PWK",50,"APC","CRC:CRC MSS"
"COADREAD","PWK",1,"APC","CRC:CRC MSS"
"READ","PWK",16,"APC","CRC:CRC MSS"
"COAD","BK",472,"APC","CRC:CRC MSS"
"COADREAD","BK",82,"APC","CRC:CRC MSS"
"READ","BK",157,"APC","CRC:CRC MSS"
"COAD","PMK",1020,"APC","CRC:CRC MSS"
"COADREAD","PMK",227,"APC","CRC:CRC MSS"
"READ","PMK",380,"APC","CRC:CRC MSS"
"COAD","WT",409,"APC:p.E1309Dfs*4","CRC:CRC MSS"
"COADREAD","WT",94,"APC:p.E1309Dfs*4","CRC:CRC MSS"
"READ","WT",159,"APC:p.E1309Dfs*4","CRC:CRC MSS"
"COAD","PWK",1,"APC:p.E1309Dfs*4","CRC:CRC MSS"
"COAD","BK",11,"APC:p.E1309Dfs*4","CRC:CRC MSS"
"COADREAD","BK",1,"APC:p.E1309Dfs*4","CRC:CRC MSS"
"READ","BK",7,"APC:p.E1309Dfs*4","CRC:CRC MSS"
"COAD","PMK",52,"APC:p.E1309Dfs*4","CRC:CRC MSS"
"COADREAD","PMK",13,"APC:p.E1309Dfs*4","CRC:CRC MSS"
"READ","PMK",19,"APC:p.E1309Dfs*4","CRC:CRC MSS"
"COAD","WT",409,"APC:p.R1450*","CRC:CRC MSS"
"COADREAD","WT",94,"APC:p.R1450*","CRC:CRC MSS"
"READ","WT",159,"APC:p.R1450*","CRC:CRC MSS"
"COAD","PWK",13,"APC:p.R1450*","CRC:CRC MSS"
"READ","PWK",2,"APC:p.R1450*","CRC:CRC MSS"
"COAD","BK",62,"APC:p.R1450*","CRC:CRC MSS"
"COADREAD","BK",6,"APC:p.R1450*","CRC:CRC MSS"
"READ","BK",8,"APC:p.R1450*","CRC:CRC MSS"
"COAD","PMK",31,"APC:p.R1450*","CRC:CRC MSS"
"COADREAD","PMK",6,"APC:p.R1450*","CRC:CRC MSS"
"READ","PMK",6,"APC:p.R1450*","CRC:CRC MSS"
"COAD","WT",409,"APC:p.R876*","CRC:CRC MSS"
"COADREAD","WT",94,"APC:p.R876*","CRC:CRC MSS"
"READ","WT",159,"APC:p.R876*","CRC:CRC MSS"
"COAD","PWK",5,"APC:p.R876*","CRC:CRC MSS"
"READ","PWK",1,"APC:p.R876*","CRC:CRC MSS"
"COAD","BK",55,"APC:p.R876*","CRC:CRC MSS"
"COADREAD","BK",10,"APC:p.R876*","CRC:CRC MSS"
"READ","BK",17,"APC:p.R876*","CRC:CRC MSS"
"COAD","PMK",28,"APC:p.R876*","CRC:CRC MSS"
"COADREAD","PMK",6,"APC:p.R876*","CRC:CRC MSS"
"READ","PMK",7,"APC:p.R876*","CRC:CRC MSS"
"COAD","WT",1872,"ARID1A","CRC:CRC MSS"
"COADREAD","WT",384,"ARID1A","CRC:CRC MSS"
"READ","WT",661,"ARID1A","CRC:CRC MSS"
"COAD","PWK",16,"ARID1A","CRC:CRC MSS"
"COADREAD","PWK",8,"ARID1A","CRC:CRC MSS"
"READ","PWK",12,"ARID1A","CRC:CRC MSS"
"COAD","BK",51,"ARID1A","CRC:CRC MSS"
"COADREAD","BK",9,"ARID1A","CRC:CRC MSS"
"READ","BK",29,"ARID1A","CRC:CRC MSS"
"COAD","PMK",12,"ARID1A","CRC:CRC MSS"
"COADREAD","PMK",3,"ARID1A","CRC:CRC MSS"
"READ","PMK",10,"ARID1A","CRC:CRC MSS"
"COAD","WT",1837,"ATM","CRC:CRC MSS"
"COADREAD","WT",386,"ATM","CRC:CRC MSS"
"READ","WT",683,"ATM","CRC:CRC MSS"
"COAD","PWK",13,"ATM","CRC:CRC MSS"
"COADREAD","PWK",1,"ATM","CRC:CRC MSS"
"READ","PWK",6,"ATM","CRC:CRC MSS"
"COAD","BK",68,"ATM","CRC:CRC MSS"
"COADREAD","BK",12,"ATM","CRC:CRC MSS"
"READ","BK",14,"ATM","CRC:CRC MSS"
"COAD","PMK",33,"ATM","CRC:CRC MSS"
"COADREAD","PMK",5,"ATM","CRC:CRC MSS"
"READ","PMK",9,"ATM","CRC:CRC MSS"
"COAD","WT",1789,"BRAF","CRC:CRC MSS"
"COADREAD","WT",378,"BRAF","CRC:CRC MSS"
"READ","WT",678,"BRAF","CRC:CRC MSS"
"COAD","PWK",36,"BRAF","CRC:CRC MSS"
"COADREAD","PWK",7,"BRAF","CRC:CRC MSS"
"READ","PWK",7,"BRAF","CRC:CRC MSS"
"COAD","BK",101,"BRAF","CRC:CRC MSS"
"COADREAD","BK",15,"BRAF","CRC:CRC MSS"
"READ","BK",18,"BRAF","CRC:CRC MSS"
"COAD","PMK",25,"BRAF","CRC:CRC MSS"
"COADREAD","PMK",4,"BRAF","CRC:CRC MSS"
"READ","PMK",9,"BRAF","CRC:CRC MSS"
"COAD","WT",1789,"BRAF:p.V600E","CRC:CRC MSS"
"COADREAD","WT",378,"BRAF:p.V600E","CRC:CRC MSS"
"READ","WT",678,"BRAF:p.V600E","CRC:CRC MSS"
"COAD","PWK",22,"BRAF:p.V600E","CRC:CRC MSS"
"COADREAD","PWK",4,"BRAF:p.V600E","CRC:CRC MSS"
"READ","PWK",1,"BRAF:p.V600E","CRC:CRC MSS"
"COAD","BK",75,"BRAF:p.V600E","CRC:CRC MSS"
"COADREAD","BK",9,"BRAF:p.V600E","CRC:CRC MSS"
"READ","BK",4,"BRAF:p.V600E","CRC:CRC MSS"
"COAD","PMK",17,"BRAF:p.V600E","CRC:CRC MSS"
"COADREAD","PMK",2,"BRAF:p.V600E","CRC:CRC MSS"
"READ","PMK",5,"BRAF:p.V600E","CRC:CRC MSS"
"COAD","WT",1849,"CTNNB1","CRC:CRC MSS"
"COADREAD","WT",386,"CTNNB1","CRC:CRC MSS"
"READ","WT",690,"CTNNB1","CRC:CRC MSS"
"COAD","PWK",11,"CTNNB1","CRC:CRC MSS"
"COADREAD","PWK",2,"CTNNB1","CRC:CRC MSS"
"READ","PWK",8,"CTNNB1","CRC:CRC MSS"
"COAD","BK",42,"CTNNB1","CRC:CRC MSS"
"COADREAD","BK",5,"CTNNB1","CRC:CRC MSS"
"READ","BK",7,"CTNNB1","CRC:CRC MSS"
"COAD","PMK",49,"CTNNB1","CRC:CRC MSS"
"COADREAD","PMK",11,"CTNNB1","CRC:CRC MSS"
"READ","PMK",7,"CTNNB1","CRC:CRC MSS"
"COAD","WT",1761,"FBXW7","CRC:CRC MSS"
"COADREAD","WT",360,"FBXW7","CRC:CRC MSS"
"READ","WT",598,"FBXW7","CRC:CRC MSS"
"COAD","PWK",28,"FBXW7","CRC:CRC MSS"
"COADREAD","PWK",6,"FBXW7","CRC:CRC MSS"
"READ","PWK",10,"FBXW7","CRC:CRC MSS"
"COAD","BK",116,"FBXW7","CRC:CRC MSS"
"COADREAD","BK",22,"FBXW7","CRC:CRC MSS"
"READ","BK",73,"FBXW7","CRC:CRC MSS"
"COAD","PMK",46,"FBXW7","CRC:CRC MSS"
"COADREAD","PMK",16,"FBXW7","CRC:CRC MSS"
"READ","PMK",31,"FBXW7","CRC:CRC MSS"
"COAD","WT",1882,"GRIN2A","CRC:CRC MSS"
"COADREAD","WT",388,"GRIN2A","CRC:CRC MSS"
"READ","WT",695,"GRIN2A","CRC:CRC MSS"
"COAD","PWK",17,"GRIN2A","CRC:CRC MSS"
"COADREAD","PWK",5,"GRIN2A","CRC:CRC MSS"
"READ","PWK",6,"GRIN2A","CRC:CRC MSS"
"COAD","BK",43,"GRIN2A","CRC:CRC MSS"
"COADREAD","BK",7,"GRIN2A","CRC:CRC MSS"
"READ","BK",9,"GRIN2A","CRC:CRC MSS"
"COAD","PMK",9,"GRIN2A","CRC:CRC MSS"
"COADREAD","PMK",4,"GRIN2A","CRC:CRC MSS"
"READ","PMK",2,"GRIN2A","CRC:CRC MSS"
"COAD","WT",1030,"KRAS","CRC:CRC MSS"
"COADREAD","WT",221,"KRAS","CRC:CRC MSS"
"READ","WT",409,"KRAS","CRC:CRC MSS"
"COAD","PWK",205,"KRAS","CRC:CRC MSS"
"COADREAD","PWK",42,"KRAS","CRC:CRC MSS"
"READ","PWK",71,"KRAS","CRC:CRC MSS"
"COAD","BK",463,"KRAS","CRC:CRC MSS"
"COADREAD","BK",105,"KRAS","CRC:CRC MSS"
"READ","BK",164,"KRAS","CRC:CRC MSS"
"COAD","PMK",253,"KRAS","CRC:CRC MSS"
"COADREAD","PMK",36,"KRAS","CRC:CRC MSS"
"READ","PMK",68,"KRAS","CRC:CRC MSS"
"COAD","WT",1030,"KRAS:p.G12","CRC:CRC MSS"
"COADREAD","WT",221,"KRAS:p.G12","CRC:CRC MSS"
"READ","WT",409,"KRAS:p.G12","CRC:CRC MSS"
"COAD","PWK",152,"KRAS:p.G12","CRC:CRC MSS"
"COADREAD","PWK",34,"KRAS:p.G12","CRC:CRC MSS"
"READ","PWK",46,"KRAS:p.G12","CRC:CRC MSS"
"COAD","BK",327,"KRAS:p.G12","CRC:CRC MSS"
"COADREAD","BK",77,"KRAS:p.G12","CRC:CRC MSS"
"READ","BK",97,"KRAS:p.G12","CRC:CRC MSS"
"COAD","PMK",167,"KRAS:p.G12","CRC:CRC MSS"
"COADREAD","PMK",23,"KRAS:p.G12","CRC:CRC MSS"
"READ","PMK",44,"KRAS:p.G12","CRC:CRC MSS"
"COAD","WT",1030,"KRAS:p.G13","CRC:CRC MSS"
"COADREAD","WT",221,"KRAS:p.G13","CRC:CRC MSS"
"READ","WT",409,"KRAS:p.G13","CRC:CRC MSS"
"COAD","PWK",38,"KRAS:p.G13","CRC:CRC MSS"
"COADREAD","PWK",7,"KRAS:p.G13","CRC:CRC MSS"
"READ","PWK",14,"KRAS:p.G13","CRC:CRC MSS"
"COAD","BK",73,"KRAS:p.G13","CRC:CRC MSS"
"COADREAD","BK",14,"KRAS:p.G13","CRC:CRC MSS"
"READ","BK",39,"KRAS:p.G13","CRC:CRC MSS"
"COAD","PMK",47,"KRAS:p.G13","CRC:CRC MSS"
"COADREAD","PMK",7,"KRAS:p.G13","CRC:CRC MSS"
"READ","PMK",12,"KRAS:p.G13","CRC:CRC MSS"
"COAD","WT",1866,"NRAS","CRC:CRC MSS"
"COADREAD","WT",388,"NRAS","CRC:CRC MSS"
"READ","WT",678,"NRAS","CRC:CRC MSS"
"COAD","PWK",18,"NRAS","CRC:CRC MSS"
"COADREAD","PWK",5,"NRAS","CRC:CRC MSS"
"READ","PWK",16,"NRAS","CRC:CRC MSS"
"COAD","BK",48,"NRAS","CRC:CRC MSS"
"COADREAD","BK",8,"NRAS","CRC:CRC MSS"
"READ","BK",12,"NRAS","CRC:CRC MSS"
"COAD","PMK",19,"NRAS","CRC:CRC MSS"
"COADREAD","PMK",3,"NRAS","CRC:CRC MSS"
"READ","PMK",6,"NRAS","CRC:CRC MSS"
"COAD","WT",1585,"PIK3CA","CRC:CRC MSS"
"COADREAD","WT",339,"PIK3CA","CRC:CRC MSS"
"READ","WT",610,"PIK3CA","CRC:CRC MSS"
"COAD","PWK",70,"PIK3CA","CRC:CRC MSS"
"COADREAD","PWK",16,"PIK3CA","CRC:CRC MSS"
"READ","PWK",20,"PIK3CA","CRC:CRC MSS"
"COAD","BK",176,"PIK3CA","CRC:CRC MSS"
"COADREAD","BK",37,"PIK3CA","CRC:CRC MSS"
"READ","BK",51,"PIK3CA","CRC:CRC MSS"
"COAD","PMK",120,"PIK3CA","CRC:CRC MSS"
"COADREAD","PMK",12,"PIK3CA","CRC:CRC MSS"
"READ","PMK",31,"PIK3CA","CRC:CRC MSS"
"COAD","WT",1585,"PIK3CA:p.E542K","CRC:CRC MSS"
"COADREAD","WT",339,"PIK3CA:p.E542K","CRC:CRC MSS"
"READ","WT",610,"PIK3CA:p.E542K","CRC:CRC MSS"
"COAD","PWK",8,"PIK3CA:p.E542K","CRC:CRC MSS"
"COADREAD","PWK",1,"PIK3CA:p.E542K","CRC:CRC MSS"
"READ","PWK",2,"PIK3CA:p.E542K","CRC:CRC MSS"
"COAD","BK",34,"PIK3CA:p.E542K","CRC:CRC MSS"
"COADREAD","BK",8,"PIK3CA:p.E542K","CRC:CRC MSS"
"READ","BK",7,"PIK3CA:p.E542K","CRC:CRC MSS"
"COAD","PMK",32,"PIK3CA:p.E542K","CRC:CRC MSS"
"COADREAD","PMK",2,"PIK3CA:p.E542K","CRC:CRC MSS"
"READ","PMK",9,"PIK3CA:p.E542K","CRC:CRC MSS"
"COAD","WT",1585,"PIK3CA:p.E545K","CRC:CRC MSS"
"COADREAD","WT",339,"PIK3CA:p.E545K","CRC:CRC MSS"
"READ","WT",610,"PIK3CA:p.E545K","CRC:CRC MSS"
"COAD","PWK",22,"PIK3CA:p.E545K","CRC:CRC MSS"
"COADREAD","PWK",4,"PIK3CA:p.E545K","CRC:CRC MSS"
"READ","PWK",6,"PIK3CA:p.E545K","CRC:CRC MSS"
"COAD","BK",49,"PIK3CA:p.E545K","CRC:CRC MSS"
"COADREAD","BK",14,"PIK3CA:p.E545K","CRC:CRC MSS"
"READ","BK",11,"PIK3CA:p.E545K","CRC:CRC MSS"
"COAD","PMK",36,"PIK3CA:p.E545K","CRC:CRC MSS"
"COADREAD","PMK",2,"PIK3CA:p.E545K","CRC:CRC MSS"
"READ","PMK",5,"PIK3CA:p.E545K","CRC:CRC MSS"
"COAD","WT",1873,"PTEN","CRC:CRC MSS"
"COADREAD","WT",384,"PTEN","CRC:CRC MSS"
"READ","WT",697,"PTEN","CRC:CRC MSS"
"COAD","PWK",1,"PTEN","CRC:CRC MSS"
"COADREAD","PWK",2,"PTEN","CRC:CRC MSS"
"READ","PWK",1,"PTEN","CRC:CRC MSS"
"COAD","BK",20,"PTEN","CRC:CRC MSS"
"COADREAD","BK",6,"PTEN","CRC:CRC MSS"
"READ","BK",7,"PTEN","CRC:CRC MSS"
"COAD","PMK",57,"PTEN","CRC:CRC MSS"
"COADREAD","PMK",12,"PTEN","CRC:CRC MSS"
"READ","PMK",7,"PTEN","CRC:CRC MSS"
"COAD","WT",1845,"PTPRT","CRC:CRC MSS"
"COADREAD","WT",385,"PTPRT","CRC:CRC MSS"
"READ","WT",665,"PTPRT","CRC:CRC MSS"
"COAD","PWK",40,"PTPRT","CRC:CRC MSS"
"COADREAD","PWK",5,"PTPRT","CRC:CRC MSS"
"READ","PWK",21,"PTPRT","CRC:CRC MSS"
"COAD","BK",55,"PTPRT","CRC:CRC MSS"
"COADREAD","BK",12,"PTPRT","CRC:CRC MSS"
"READ","BK",23,"PTPRT","CRC:CRC MSS"
"COAD","PMK",11,"PTPRT","CRC:CRC MSS"
"COADREAD","PMK",2,"PTPRT","CRC:CRC MSS"
"READ","PMK",3,"PTPRT","CRC:CRC MSS"
"COAD","WT",1879,"SMAD2","CRC:CRC MSS"
"COADREAD","WT",391,"SMAD2","CRC:CRC MSS"
"READ","WT",687,"SMAD2","CRC:CRC MSS"
"COAD","PWK",11,"SMAD2","CRC:CRC MSS"
"COADREAD","PWK",1,"SMAD2","CRC:CRC MSS"
"READ","PWK",1,"SMAD2","CRC:CRC MSS"
"COAD","BK",27,"SMAD2","CRC:CRC MSS"
"COADREAD","BK",9,"SMAD2","CRC:CRC MSS"
"READ","BK",13,"SMAD2","CRC:CRC MSS"
"COAD","PMK",34,"SMAD2","CRC:CRC MSS"
"COADREAD","PMK",3,"SMAD2","CRC:CRC MSS"
"READ","PMK",11,"SMAD2","CRC:CRC MSS"
"COAD","WT",1875,"SMAD3","CRC:CRC MSS"
"COADREAD","WT",386,"SMAD3","CRC:CRC MSS"
"READ","WT",689,"SMAD3","CRC:CRC MSS"
"COAD","PWK",17,"SMAD3","CRC:CRC MSS"
"COADREAD","PWK",3,"SMAD3","CRC:CRC MSS"
"READ","PWK",3,"SMAD3","CRC:CRC MSS"
"COAD","BK",39,"SMAD3","CRC:CRC MSS"
"COADREAD","BK",13,"SMAD3","CRC:CRC MSS"
"READ","BK",14,"SMAD3","CRC:CRC MSS"
"COAD","PMK",20,"SMAD3","CRC:CRC MSS"
"COADREAD","PMK",2,"SMAD3","CRC:CRC MSS"
"READ","PMK",6,"SMAD3","CRC:CRC MSS"
"COAD","WT",1684,"SMAD4","CRC:CRC MSS"
"COADREAD","WT",332,"SMAD4","CRC:CRC MSS"
"READ","WT",619,"SMAD4","CRC:CRC MSS"
"COAD","PWK",28,"SMAD4","CRC:CRC MSS"
"COADREAD","PWK",6,"SMAD4","CRC:CRC MSS"
"READ","PWK",11,"SMAD4","CRC:CRC MSS"
"COAD","BK",76,"SMAD4","CRC:CRC MSS"
"COADREAD","BK",21,"SMAD4","CRC:CRC MSS"
"READ","BK",27,"SMAD4","CRC:CRC MSS"
"COAD","PMK",163,"SMAD4","CRC:CRC MSS"
"COADREAD","PMK",45,"SMAD4","CRC:CRC MSS"
"READ","PMK",55,"SMAD4","CRC:CRC MSS"
"COAD","WT",1767,"TCF7L2","CRC:CRC MSS"
"COADREAD","WT",354,"TCF7L2","CRC:CRC MSS"
"READ","WT",637,"TCF7L2","CRC:CRC MSS"
"COAD","PWK",69,"TCF7L2","CRC:CRC MSS"
"COADREAD","PWK",22,"TCF7L2","CRC:CRC MSS"
"READ","PWK",29,"TCF7L2","CRC:CRC MSS"
"COAD","BK",89,"TCF7L2","CRC:CRC MSS"
"COADREAD","BK",22,"TCF7L2","CRC:CRC MSS"
"READ","BK",36,"TCF7L2","CRC:CRC MSS"
"COAD","PMK",26,"TCF7L2","CRC:CRC MSS"
"COADREAD","PMK",6,"TCF7L2","CRC:CRC MSS"
"READ","PMK",10,"TCF7L2","CRC:CRC MSS"
"COAD","WT",431,"TP53","CRC:CRC MSS"
"COADREAD","WT",78,"TP53","CRC:CRC MSS"
"READ","WT",134,"TP53","CRC:CRC MSS"
"COAD","PWK",224,"TP53","CRC:CRC MSS"
"COADREAD","PWK",52,"TP53","CRC:CRC MSS"
"READ","PWK",93,"TP53","CRC:CRC MSS"
"COAD","BK",808,"TP53","CRC:CRC MSS"
"COADREAD","BK",192,"TP53","CRC:CRC MSS"
"READ","BK",326,"TP53","CRC:CRC MSS"
"COAD","PMK",488,"TP53","CRC:CRC MSS"
"COADREAD","PMK",82,"TP53","CRC:CRC MSS"
"READ","PMK",159,"TP53","CRC:CRC MSS"
"COAD","WT",431,"TP53:p.R175H","CRC:CRC MSS"
"COADREAD","WT",78,"TP53:p.R175H","CRC:CRC MSS"
"READ","WT",134,"TP53:p.R175H","CRC:CRC MSS"
"COAD","PWK",16,"TP53:p.R175H","CRC:CRC MSS"
"COADREAD","PWK",5,"TP53:p.R175H","CRC:CRC MSS"
"READ","PWK",13,"TP53:p.R175H","CRC:CRC MSS"
"COAD","BK",64,"TP53:p.R175H","CRC:CRC MSS"
"COADREAD","BK",18,"TP53:p.R175H","CRC:CRC MSS"
"READ","BK",33,"TP53:p.R175H","CRC:CRC MSS"
"COAD","PMK",60,"TP53:p.R175H","CRC:CRC MSS"
"COADREAD","PMK",12,"TP53:p.R175H","CRC:CRC MSS"
"READ","PMK",17,"TP53:p.R175H","CRC:CRC MSS"
"COAD","WT",431,"TP53:p.R248Q","CRC:CRC MSS"
"COADREAD","WT",78,"TP53:p.R248Q","CRC:CRC MSS"
"READ","WT",134,"TP53:p.R248Q","CRC:CRC MSS"
"COAD","PWK",8,"TP53:p.R248Q","CRC:CRC MSS"
"READ","PWK",7,"TP53:p.R248Q","CRC:CRC MSS"
"COAD","BK",34,"TP53:p.R248Q","CRC:CRC MSS"
"COADREAD","BK",6,"TP53:p.R248Q","CRC:CRC MSS"
"READ","BK",13,"TP53:p.R248Q","CRC:CRC MSS"
"COAD","PMK",24,"TP53:p.R248Q","CRC:CRC MSS"
"COADREAD","PMK",4,"TP53:p.R248Q","CRC:CRC MSS"
"READ","PMK",6,"TP53:p.R248Q","CRC:CRC MSS"
"COAD","WT",431,"TP53:p.R273C","CRC:CRC MSS"
"COADREAD","WT",78,"TP53:p.R273C","CRC:CRC MSS"
"READ","WT",134,"TP53:p.R273C","CRC:CRC MSS"
"COAD","PWK",19,"TP53:p.R273C","CRC:CRC MSS"
"COADREAD","PWK",2,"TP53:p.R273C","CRC:CRC MSS"
"READ","PWK",5,"TP53:p.R273C","CRC:CRC MSS"
"COAD","BK",34,"TP53:p.R273C","CRC:CRC MSS"
"COADREAD","BK",6,"TP53:p.R273C","CRC:CRC MSS"
"READ","BK",17,"TP53:p.R273C","CRC:CRC MSS"
"COAD","PMK",19,"TP53:p.R273C","CRC:CRC MSS"
"COADREAD","PMK",2,"TP53:p.R273C","CRC:CRC MSS"
"READ","PMK",3,"TP53:p.R273C","CRC:CRC MSS"
"COAD","WT",431,"TP53:p.R273H","CRC:CRC MSS"
"COADREAD","WT",78,"TP53:p.R273H","CRC:CRC MSS"
"READ","WT",134,"TP53:p.R273H","CRC:CRC MSS"
"COAD","PWK",11,"TP53:p.R273H","CRC:CRC MSS"
"COADREAD","PWK",5,"TP53:p.R273H","CRC:CRC MSS"
"READ","PWK",5,"TP53:p.R273H","CRC:CRC MSS"
"COAD","BK",38,"TP53:p.R273H","CRC:CRC MSS"
"COADREAD","BK",9,"TP53:p.R273H","CRC:CRC MSS"
"READ","BK",23,"TP53:p.R273H","CRC:CRC MSS"
"COAD","PMK",16,"TP53:p.R273H","CRC:CRC MSS"
"COADREAD","PMK",2,"TP53:p.R273H","CRC:CRC MSS"
"READ","PMK",4,"TP53:p.R273H","CRC:CRC MSS"
"COAD","WT",431,"TP53:p.R282W","CRC:CRC MSS"
"COADREAD","WT",78,"TP53:p.R282W","CRC:CRC MSS"
"READ","WT",134,"TP53:p.R282W","CRC:CRC MSS"
"COAD","PWK",16,"TP53:p.R282W","CRC:CRC MSS"
"COADREAD","PWK",4,"TP53:p.R282W","CRC:CRC MSS"
"READ","PWK",5,"TP53:p.R282W","CRC:CRC MSS"
"COAD","BK",56,"TP53:p.R282W","CRC:CRC MSS"
"COADREAD","BK",14,"TP53:p.R282W","CRC:CRC MSS"
"READ","BK",15,"TP53:p.R282W","CRC:CRC MSS"
"COAD","PMK",13,"TP53:p.R282W","CRC:CRC MSS"
"COADREAD","PMK",2,"TP53:p.R282W","CRC:CRC MSS"
"READ","PMK",11,"TP53:p.R282W","CRC:CRC MSS"
"EHCH","WT",89,"ARID1A","HCC"
"GBAD","WT",35,"ARID1A","HCC"
"GBC","WT",83,"ARID1A","HCC"
"HCC","WT",145,"ARID1A","HCC"
"IHCH","WT",249,"ARID1A","HCC"
"EHCH","PWK",4,"ARID1A","HCC"
"GBAD","PWK",3,"ARID1A","HCC"
"GBC","PWK",8,"ARID1A","HCC"
"HCC","PWK",10,"ARID1A","HCC"
"IHCH","PWK",14,"ARID1A","HCC"
"EHCH","BK",8,"ARID1A","HCC"
"GBAD","BK",7,"ARID1A","HCC"
"GBC","BK",13,"ARID1A","HCC"
"HCC","BK",15,"ARID1A","HCC"
"IHCH","BK",30,"ARID1A","HCC"
"EHCH","PMK",5,"ARID1A","HCC"
"GBAD","PMK",1,"ARID1A","HCC"
"GBC","PMK",8,"ARID1A","HCC"
"HCC","PMK",5,"ARID1A","HCC"
"IHCH","PMK",20,"ARID1A","HCC"
"EHCH","WT",105,"TERT","HCC"
"GBAD","WT",45,"TERT","HCC"
"GBC","WT",104,"TERT","HCC"
"HCC","WT",65,"TERT","HCC"
"IHCH","WT",292,"TERT","HCC"
"GBC","PWK",2,"TERT","HCC"
"HCC","PWK",9,"TERT","HCC"
"IHCH","PWK",2,"TERT","HCC"
"EHCH","BK",1,"TERT","HCC"
"GBAD","BK",1,"TERT","HCC"
"GBC","BK",2,"TERT","HCC"
"HCC","BK",57,"TERT","HCC"
"IHCH","BK",6,"TERT","HCC"
"GBC","PMK",4,"TERT","HCC"
"HCC","PMK",44,"TERT","HCC"
"IHCH","PMK",13,"TERT","HCC"
"EHCH","WT",105,"TERT:NA","HCC"
"GBAD","WT",45,"TERT:NA","HCC"
"GBC","WT",104,"TERT:NA","HCC"
"HCC","WT",65,"TERT:NA","HCC"
"IHCH","WT",292,"TERT:NA","HCC"
"GBC","PWK",1,"TERT:NA","HCC"
"HCC","PWK",9,"TERT:NA","HCC"
"IHCH","PWK",2,"TERT:NA","HCC"
"GBAD","BK",1,"TERT:NA","HCC"
"GBC","BK",2,"TERT:NA","HCC"
"HCC","BK",57,"TERT:NA","HCC"
"IHCH","BK",6,"TERT:NA","HCC"
"GBC","PMK",4,"TERT:NA","HCC"
"HCC","PMK",44,"TERT:NA","HCC"
"IHCH","PMK",12,"TERT:NA","HCC"
"EHCH","WT",57,"TP53","HCC"
"GBAD","WT",16,"TP53","HCC"
"GBC","WT",46,"TP53","HCC"
"HCC","WT",113,"TP53","HCC"
"IHCH","WT",238,"TP53","HCC"
"EHCH","PWK",17,"TP53","HCC"
"GBAD","PWK",10,"TP53","HCC"
"GBC","PWK",15,"TP53","HCC"
"HCC","PWK",17,"TP53","HCC"
"IHCH","PWK",30,"TP53","HCC"
"EHCH","BK",22,"TP53","HCC"
"GBAD","BK",16,"TP53","HCC"
"GBC","BK",27,"TP53","HCC"
"HCC","BK",30,"TP53","HCC"
"IHCH","BK",31,"TP53","HCC"
"EHCH","PMK",10,"TP53","HCC"
"GBAD","PMK",4,"TP53","HCC"
"GBC","PMK",24,"TP53","HCC"
"HCC","PMK",15,"TP53","HCC"
"IHCH","PMK",14,"TP53","HCC"
"LUAD","WT",1021,"ATM","LUAD:mKRAS:wEGFR"
"LUNE","WT",13,"ATM","LUAD:mKRAS:wEGFR"
"LUAD","PWK",13,"ATM","LUAD:mKRAS:wEGFR"
"LUAD","BK",61,"ATM","LUAD:mKRAS:wEGFR"
"LUAD","PMK",91,"ATM","LUAD:mKRAS:wEGFR"
"LUNE","PMK",1,"ATM","LUAD:mKRAS:wEGFR"
"LUAD","WT",1082,"FAT1","LUAD:mKRAS:wEGFR"
"LUNE","WT",12,"FAT1","LUAD:mKRAS:wEGFR"
"LUAD","PWK",23,"FAT1","LUAD:mKRAS:wEGFR"
"LUNE","PWK",1,"FAT1","LUAD:mKRAS:wEGFR"
"LUAD","BK",58,"FAT1","LUAD:mKRAS:wEGFR"
"LUNE","BK",1,"FAT1","LUAD:mKRAS:wEGFR"
"LUAD","PMK",23,"FAT1","LUAD:mKRAS:wEGFR"
"LUAD","WT",942,"KEAP1","LUAD:mKRAS:wEGFR"
"LUNE","WT",9,"KEAP1","LUAD:mKRAS:wEGFR"
"LUAD","PWK",51,"KEAP1","LUAD:mKRAS:wEGFR"
"LUNE","PWK",1,"KEAP1","LUAD:mKRAS:wEGFR"
"LUAD","BK",147,"KEAP1","LUAD:mKRAS:wEGFR"
"LUNE","BK",1,"KEAP1","LUAD:mKRAS:wEGFR"
"LUAD","PMK",46,"KEAP1","LUAD:mKRAS:wEGFR"
"LUNE","PMK",3,"KEAP1","LUAD:mKRAS:wEGFR"
"LUAD","WT",1233,"KRAS","LUAD:mKRAS:wEGFR"
"LUNE","WT",61,"KRAS","LUAD:mKRAS:wEGFR"
"LUAD","PWK",337,"KRAS","LUAD:mKRAS:wEGFR"
"LUNE","PWK",1,"KRAS","LUAD:mKRAS:wEGFR"
"LUAD","BK",492,"KRAS","LUAD:mKRAS:wEGFR"
"LUNE","BK",6,"KRAS","LUAD:mKRAS:wEGFR"
"LUAD","PMK",357,"KRAS","LUAD:mKRAS:wEGFR"
"LUNE","PMK",7,"KRAS","LUAD:mKRAS:wEGFR"
"LUAD","WT",1233,"KRAS:p.G12","LUAD:mKRAS:wEGFR"
"LUNE","WT",61,"KRAS:p.G12","LUAD:mKRAS:wEGFR"
"LUAD","PWK",288,"KRAS:p.G12","LUAD:mKRAS:wEGFR"
"LUNE","PWK",1,"KRAS:p.G12","LUAD:mKRAS:wEGFR"
"LUAD","BK",421,"KRAS:p.G12","LUAD:mKRAS:wEGFR"
"LUNE","BK",6,"KRAS:p.G12","LUAD:mKRAS:wEGFR"
"LUAD","PMK",310,"KRAS:p.G12","LUAD:mKRAS:wEGFR"
"LUNE","PMK",5,"KRAS:p.G12","LUAD:mKRAS:wEGFR"
"LUAD","WT",1042,"PTPRD","LUAD:mKRAS:wEGFR"
"LUNE","WT",14,"PTPRD","LUAD:mKRAS:wEGFR"
"LUAD","PWK",26,"PTPRD","LUAD:mKRAS:wEGFR"
"LUAD","BK",81,"PTPRD","LUAD:mKRAS:wEGFR"
"LUAD","PMK",37,"PTPRD","LUAD:mKRAS:wEGFR"
"LUAD","WT",1087,"PTPRT","LUAD:mKRAS:wEGFR"
"LUNE","WT",13,"PTPRT","LUAD:mKRAS:wEGFR"
"LUAD","PWK",22,"PTPRT","LUAD:mKRAS:wEGFR"
"LUAD","BK",66,"PTPRT","LUAD:mKRAS:wEGFR"
"LUNE","BK",1,"PTPRT","LUAD:mKRAS:wEGFR"
"LUAD","PMK",11,"PTPRT","LUAD:mKRAS:wEGFR"
"LUAD","WT",992,"RBM10","LUAD:mKRAS:wEGFR"
"LUNE","WT",10,"RBM10","LUAD:mKRAS:wEGFR"
"LUAD","PWK",38,"RBM10","LUAD:mKRAS:wEGFR"
"LUAD","BK",84,"RBM10","LUAD:mKRAS:wEGFR"
"LUNE","BK",1,"RBM10","LUAD:mKRAS:wEGFR"
"LUAD","PMK",72,"RBM10","LUAD:mKRAS:wEGFR"
"LUNE","PMK",3,"RBM10","LUAD:mKRAS:wEGFR"
"LUAD","WT",1072,"SMARCA4","LUAD:mKRAS:wEGFR"
"LUNE","WT",14,"SMARCA4","LUAD:mKRAS:wEGFR"
"LUAD","PWK",40,"SMARCA4","LUAD:mKRAS:wEGFR"
"LUAD","BK",50,"SMARCA4","LUAD:mKRAS:wEGFR"
"LUAD","PMK",24,"SMARCA4","LUAD:mKRAS:wEGFR"
"LUAD","WT",858,"STK11","LUAD:mKRAS:wEGFR"
"LUNE","WT",9,"STK11","LUAD:mKRAS:wEGFR"
"LUAD","PWK",61,"STK11","LUAD:mKRAS:wEGFR"
"LUNE","PWK",1,"STK11","LUAD:mKRAS:wEGFR"
"LUAD","BK",178,"STK11","LUAD:mKRAS:wEGFR"
"LUNE","BK",2,"STK11","LUAD:mKRAS:wEGFR"
"LUAD","PMK",89,"STK11","LUAD:mKRAS:wEGFR"
"LUNE","PMK",2,"STK11","LUAD:mKRAS:wEGFR"
"LUAD","WT",759,"TP53","LUAD:mKRAS:wEGFR"
"LUNE","WT",9,"TP53","LUAD:mKRAS:wEGFR"
"LUAD","PWK",126,"TP53","LUAD:mKRAS:wEGFR"
"LUAD","BK",210,"TP53","LUAD:mKRAS:wEGFR"
"LUNE","BK",2,"TP53","LUAD:mKRAS:wEGFR"
"LUAD","PMK",91,"TP53","LUAD:mKRAS:wEGFR"
"LUNE","PMK",3,"TP53","LUAD:mKRAS:wEGFR"
"LUAD","WT",1233,"EGFR","LUAD:wKRAS:mEGFR"
"LUNE","WT",61,"EGFR","LUAD:wKRAS:mEGFR"
"LUAD","PWK",375,"EGFR","LUAD:wKRAS:mEGFR"
"LUAD","BK",375,"EGFR","LUAD:wKRAS:mEGFR"
"LUNE","BK",1,"EGFR","LUAD:wKRAS:mEGFR"
"LUAD","PMK",252,"EGFR","LUAD:wKRAS:mEGFR"
"LUNE","PMK",3,"EGFR","LUAD:wKRAS:mEGFR"
"LUAD","WT",1233,"EGFR:p.E746_A750del","LUAD:wKRAS:mEGFR"
"LUNE","WT",61,"EGFR:p.E746_A750del","LUAD:wKRAS:mEGFR"
"LUAD","PWK",91,"EGFR:p.E746_A750del","LUAD:wKRAS:mEGFR"
"LUAD","BK",100,"EGFR:p.E746_A750del","LUAD:wKRAS:mEGFR"
"LUAD","PMK",76,"EGFR:p.E746_A750del","LUAD:wKRAS:mEGFR"
"LUNE","PMK",2,"EGFR:p.E746_A750del","LUAD:wKRAS:mEGFR"
"LUAD","WT",1233,"EGFR:p.L858R","LUAD:wKRAS:mEGFR"
"LUNE","WT",61,"EGFR:p.L858R","LUAD:wKRAS:mEGFR"
"LUAD","PWK",127,"EGFR:p.L858R","LUAD:wKRAS:mEGFR"
"LUAD","BK",120,"EGFR:p.L858R","LUAD:wKRAS:mEGFR"
"LUAD","PMK",76,"EGFR:p.L858R","LUAD:wKRAS:mEGFR"
"LUNE","PMK",1,"EGFR:p.L858R","LUAD:wKRAS:mEGFR"
"LUAD","WT",1233,"EGFR:p.T790M","LUAD:wKRAS:mEGFR"
"LUNE","WT",61,"EGFR:p.T790M","LUAD:wKRAS:mEGFR"
"LUAD","PWK",79,"EGFR:p.T790M","LUAD:wKRAS:mEGFR"
"LUNE","PWK",1,"EGFR:p.T790M","LUAD:wKRAS:mEGFR"
"LUAD","BK",22,"EGFR:p.T790M","LUAD:wKRAS:mEGFR"
"LUAD","PMK",6,"EGFR:p.T790M","LUAD:wKRAS:mEGFR"
"LUAD","WT",880,"RBM10","LUAD:wKRAS:mEGFR"
"LUNE","WT",3,"RBM10","LUAD:wKRAS:mEGFR"
"LUAD","PWK",33,"RBM10","LUAD:wKRAS:mEGFR"
"LUNE","PWK",1,"RBM10","LUAD:wKRAS:mEGFR"
"LUAD","BK",41,"RBM10","LUAD:wKRAS:mEGFR"
"LUAD","PMK",48,"RBM10","LUAD:wKRAS:mEGFR"
"LUAD","WT",391,"TP53","LUAD:wKRAS:mEGFR"
"LUNE","WT",1,"TP53","LUAD:wKRAS:mEGFR"
"LUAD","PWK",129,"TP53","LUAD:wKRAS:mEGFR"
"LUNE","PWK",1,"TP53","LUAD:wKRAS:mEGFR"
"LUAD","BK",206,"TP53","LUAD:wKRAS:mEGFR"
"LUAD","PMK",276,"TP53","LUAD:wKRAS:mEGFR"
"LUNE","PMK",2,"TP53","LUAD:wKRAS:mEGFR"
"LUAD","WT",1120,"ARID1A","LUAD:wKRAS:wEGFR"
"LUNE","WT",55,"ARID1A","LUAD:wKRAS:wEGFR"
"LUAD","PWK",36,"ARID1A","LUAD:wKRAS:wEGFR"
"LUAD","BK",57,"ARID1A","LUAD:wKRAS:wEGFR"
"LUNE","BK",4,"ARID1A","LUAD:wKRAS:wEGFR"
"LUAD","PMK",20,"ARID1A","LUAD:wKRAS:wEGFR"
"LUNE","PMK",2,"ARID1A","LUAD:wKRAS:wEGFR"
"LUAD","WT",1070,"BRAF","LUAD:wKRAS:wEGFR"
"LUNE","WT",55,"BRAF","LUAD:wKRAS:wEGFR"
"LUAD","PWK",35,"BRAF","LUAD:wKRAS:wEGFR"
"LUAD","BK",89,"BRAF","LUAD:wKRAS:wEGFR"
"LUNE","BK",4,"BRAF","LUAD:wKRAS:wEGFR"
"LUAD","PMK",39,"BRAF","LUAD:wKRAS:wEGFR"
"LUNE","PMK",2,"BRAF","LUAD:wKRAS:wEGFR"
"LUAD","WT",1131,"CDKN2A","LUAD:wKRAS:wEGFR"
"LUNE","WT",57,"CDKN2A","LUAD:wKRAS:wEGFR"
"LUAD","PWK",2,"CDKN2A","LUAD:wKRAS:wEGFR"
"LUAD","BK",17,"CDKN2A","LUAD:wKRAS:wEGFR"
"LUNE","BK",1,"CDKN2A","LUAD:wKRAS:wEGFR"
"LUAD","PMK",83,"CDKN2A","LUAD:wKRAS:wEGFR"
"LUNE","PMK",3,"CDKN2A","LUAD:wKRAS:wEGFR"
"LUAD","WT",1126,"EPHA3","LUAD:wKRAS:wEGFR"
"LUNE","WT",57,"EPHA3","LUAD:wKRAS:wEGFR"
"LUAD","PWK",26,"EPHA3","LUAD:wKRAS:wEGFR"
"LUAD","BK",51,"EPHA3","LUAD:wKRAS:wEGFR"
"LUNE","BK",1,"EPHA3","LUAD:wKRAS:wEGFR"
"LUAD","PMK",30,"EPHA3","LUAD:wKRAS:wEGFR"
"LUNE","PMK",3,"EPHA3","LUAD:wKRAS:wEGFR"
"LUAD","WT",1112,"ERBB2","LUAD:wKRAS:wEGFR"
"LUNE","WT",59,"ERBB2","LUAD:wKRAS:wEGFR"
"LUAD","PWK",46,"ERBB2","LUAD:wKRAS:wEGFR"
"LUAD","BK",59,"ERBB2","LUAD:wKRAS:wEGFR"
"LUNE","BK",2,"ERBB2","LUAD:wKRAS:wEGFR"
"LUAD","PMK",16,"ERBB2","LUAD:wKRAS:wEGFR"
"LUAD","WT",1105,"FAT1","LUAD:wKRAS:wEGFR"
"LUNE","WT",49,"FAT1","LUAD:wKRAS:wEGFR"
"LUAD","PWK",34,"FAT1","LUAD:wKRAS:wEGFR"
"LUNE","PWK",3,"FAT1","LUAD:wKRAS:wEGFR"
"LUAD","BK",76,"FAT1","LUAD:wKRAS:wEGFR"
"LUNE","BK",7,"FAT1","LUAD:wKRAS:wEGFR"
"LUAD","PMK",18,"FAT1","LUAD:wKRAS:wEGFR"
"LUNE","PMK",2,"FAT1","LUAD:wKRAS:wEGFR"
"LUAD","WT",977,"KEAP1","LUAD:wKRAS:wEGFR"
"LUNE","WT",42,"KEAP1","LUAD:wKRAS:wEGFR"
"LUAD","PWK",44,"KEAP1","LUAD:wKRAS:wEGFR"
"LUNE","PWK",2,"KEAP1","LUAD:wKRAS:wEGFR"
"LUAD","BK",155,"KEAP1","LUAD:wKRAS:wEGFR"
"LUNE","BK",7,"KEAP1","LUAD:wKRAS:wEGFR"
"LUAD","PMK",57,"KEAP1","LUAD:wKRAS:wEGFR"
"LUNE","PMK",10,"KEAP1","LUAD:wKRAS:wEGFR"
"LUAD","WT",1088,"MET","LUAD:wKRAS:wEGFR"
"LUNE","WT",56,"MET","LUAD:wKRAS:wEGFR"
"LUAD","PWK",39,"MET","LUAD:wKRAS:wEGFR"
"LUAD","BK",49,"MET","LUAD:wKRAS:wEGFR"
"LUNE","BK",5,"MET","LUAD:wKRAS:wEGFR"
"LUAD","PMK",57,"MET","LUAD:wKRAS:wEGFR"
"LUAD","WT",1041,"NF1","LUAD:wKRAS:wEGFR"
"LUNE","WT",49,"NF1","LUAD:wKRAS:wEGFR"
"LUAD","PWK",26,"NF1","LUAD:wKRAS:wEGFR"
"LUNE","PWK",3,"NF1","LUAD:wKRAS:wEGFR"
"LUAD","BK",88,"NF1","LUAD:wKRAS:wEGFR"
"LUNE","BK",5,"NF1","LUAD:wKRAS:wEGFR"
"LUAD","PMK",65,"NF1","LUAD:wKRAS:wEGFR"
"LUNE","PMK",3,"NF1","LUAD:wKRAS:wEGFR"
"LUAD","WT",1084,"PTPRD","LUAD:wKRAS:wEGFR"
"LUNE","WT",49,"PTPRD","LUAD:wKRAS:wEGFR"
"LUAD","PWK",27,"PTPRD","LUAD:wKRAS:wEGFR"
"LUNE","PWK",1,"PTPRD","LUAD:wKRAS:wEGFR"
"LUAD","BK",76,"PTPRD","LUAD:wKRAS:wEGFR"
"LUNE","BK",5,"PTPRD","LUAD:wKRAS:wEGFR"
"LUAD","PMK",46,"PTPRD","LUAD:wKRAS:wEGFR"
"LUNE","PMK",6,"PTPRD","LUAD:wKRAS:wEGFR"
"LUAD","WT",1095,"PTPRT","LUAD:wKRAS:wEGFR"
"LUNE","WT",57,"PTPRT","LUAD:wKRAS:wEGFR"
"LUAD","PWK",39,"PTPRT","LUAD:wKRAS:wEGFR"
"LUNE","PWK",1,"PTPRT","LUAD:wKRAS:wEGFR"
"LUAD","BK",74,"PTPRT","LUAD:wKRAS:wEGFR"
"LUNE","BK",2,"PTPRT","LUAD:wKRAS:wEGFR"
"LUAD","PMK",25,"PTPRT","LUAD:wKRAS:wEGFR"
"LUNE","PMK",1,"PTPRT","LUAD:wKRAS:wEGFR"
"LUAD","WT",1116,"RBM10","LUAD:wKRAS:wEGFR"
"LUNE","WT",57,"RBM10","LUAD:wKRAS:wEGFR"
"LUAD","PWK",18,"RBM10","LUAD:wKRAS:wEGFR"
"LUAD","BK",55,"RBM10","LUAD:wKRAS:wEGFR"
"LUNE","BK",1,"RBM10","LUAD:wKRAS:wEGFR"
"LUAD","PMK",44,"RBM10","LUAD:wKRAS:wEGFR"
"LUNE","PMK",3,"RBM10","LUAD:wKRAS:wEGFR"
"LUAD","WT",1135,"SETD2","LUAD:wKRAS:wEGFR"
"LUNE","WT",57,"SETD2","LUAD:wKRAS:wEGFR"
"LUAD","PWK",16,"SETD2","LUAD:wKRAS:wEGFR"
"LUAD","BK",49,"SETD2","LUAD:wKRAS:wEGFR"
"LUNE","BK",2,"SETD2","LUAD:wKRAS:wEGFR"
"LUAD","PMK",33,"SETD2","LUAD:wKRAS:wEGFR"
"LUNE","PMK",2,"SETD2","LUAD:wKRAS:wEGFR"
"LUAD","WT",1083,"SMARCA4","LUAD:wKRAS:wEGFR"
"LUNE","WT",56,"SMARCA4","LUAD:wKRAS:wEGFR"
"LUAD","PWK",28,"SMARCA4","LUAD:wKRAS:wEGFR"
"LUNE","PWK",2,"SMARCA4","LUAD:wKRAS:wEGFR"
"LUAD","BK",88,"SMARCA4","LUAD:wKRAS:wEGFR"
"LUNE","BK",1,"SMARCA4","LUAD:wKRAS:wEGFR"
"LUAD","PMK",34,"SMARCA4","LUAD:wKRAS:wEGFR"
"LUNE","PMK",2,"SMARCA4","LUAD:wKRAS:wEGFR"
"LUAD","WT",979,"STK11","LUAD:wKRAS:wEGFR"
"LUNE","WT",39,"STK11","LUAD:wKRAS:wEGFR"
"LUAD","PWK",40,"STK11","LUAD:wKRAS:wEGFR"
"LUNE","PWK",3,"STK11","LUAD:wKRAS:wEGFR"
"LUAD","BK",141,"STK11","LUAD:wKRAS:wEGFR"
"LUNE","BK",7,"STK11","LUAD:wKRAS:wEGFR"
"LUAD","PMK",73,"STK11","LUAD:wKRAS:wEGFR"
"LUNE","PMK",12,"STK11","LUAD:wKRAS:wEGFR"
"LUAD","WT",498,"TP53","LUAD:wKRAS:wEGFR"
"LUNE","WT",7,"TP53","LUAD:wKRAS:wEGFR"
"LUAD","PWK",160,"TP53","LUAD:wKRAS:wEGFR"
"LUNE","PWK",5,"TP53","LUAD:wKRAS:wEGFR"
"LUAD","BK",370,"TP53","LUAD:wKRAS:wEGFR"
"LUNE","BK",19,"TP53","LUAD:wKRAS:wEGFR"
"LUAD","PMK",205,"TP53","LUAD:wKRAS:wEGFR"
"LUNE","PMK",30,"TP53","LUAD:wKRAS:wEGFR"
"ARMM","WT",64,"ALK","MEL"
"CSCC","WT",77,"ALK","MEL"
"ESMM","WT",2,"ALK","MEL"
"HNMUCM","WT",37,"ALK","MEL"
"MUP","WT",121,"ALK","MEL"
"SKCM","WT",554,"ALK","MEL"
"UM","WT",85,"ALK","MEL"
"URMM","WT",4,"ALK","MEL"
"VMM","WT",37,"ALK","MEL"
"CSCC","PWK",6,"ALK","MEL"
"MUP","PWK",10,"ALK","MEL"
"SKCM","PWK",29,"ALK","MEL"
"VMM","PWK",1,"ALK","MEL"
"CSCC","BK",15,"ALK","MEL"
"HNMUCM","BK",1,"ALK","MEL"
"MUP","BK",14,"ALK","MEL"
"SKCM","BK",71,"ALK","MEL"
"MUP","PMK",4,"ALK","MEL"
"SKCM","PMK",5,"ALK","MEL"
"ARMM","WT",62,"APC","MEL"
"CSCC","WT",83,"APC","MEL"
"ESMM","WT",2,"APC","MEL"
"HNMUCM","WT",36,"APC","MEL"
"MUP","WT",128,"APC","MEL"
"SKCM","WT",568,"APC","MEL"
"UM","WT",83,"APC","MEL"
"URMM","WT",3,"APC","MEL"
"VMM","WT",38,"APC","MEL"
"ARMM","PWK",1,"APC","MEL"
"CSCC","PWK",2,"APC","MEL"
"MUP","PWK",1,"APC","MEL"
"SKCM","PWK",8,"APC","MEL"
"CSCC","BK",9,"APC","MEL"
"HNMUCM","BK",2,"APC","MEL"
"MUP","BK",14,"APC","MEL"
"SKCM","BK",56,"APC","MEL"
"UM","BK",2,"APC","MEL"
"URMM","BK",1,"APC","MEL"
"ARMM","PMK",1,"APC","MEL"
"CSCC","PMK",4,"APC","MEL"
"MUP","PMK",6,"APC","MEL"
"SKCM","PMK",27,"APC","MEL"
"ARMM","WT",64,"ARID1A","MEL"
"CSCC","WT",81,"ARID1A","MEL"
"ESMM","WT",2,"ARID1A","MEL"
"HNMUCM","WT",36,"ARID1A","MEL"
"MUP","WT",126,"ARID1A","MEL"
"SKCM","WT",570,"ARID1A","MEL"
"UM","WT",85,"ARID1A","MEL"
"URMM","WT",4,"ARID1A","MEL"
"VMM","WT",38,"ARID1A","MEL"
"CSCC","PWK",7,"ARID1A","MEL"
"HNMUCM","PWK",1,"ARID1A","MEL"
"MUP","PWK",6,"ARID1A","MEL"
"SKCM","PWK",15,"ARID1A","MEL"
"CSCC","BK",8,"ARID1A","MEL"
"HNMUCM","BK",1,"ARID1A","MEL"
"MUP","BK",15,"ARID1A","MEL"
"SKCM","BK",68,"ARID1A","MEL"
"CSCC","PMK",2,"ARID1A","MEL"
"MUP","PMK",2,"ARID1A","MEL"
"SKCM","PMK",6,"ARID1A","MEL"
"ARMM","WT",64,"ARID1B","MEL"
"CSCC","WT",81,"ARID1B","MEL"
"ESMM","WT",2,"ARID1B","MEL"
"HNMUCM","WT",36,"ARID1B","MEL"
"MUP","WT",132,"ARID1B","MEL"
"SKCM","WT",598,"ARID1B","MEL"
"UM","WT",84,"ARID1B","MEL"
"URMM","WT",4,"ARID1B","MEL"
"VMM","WT",37,"ARID1B","MEL"
"CSCC","PWK",4,"ARID1B","MEL"
"MUP","PWK",6,"ARID1B","MEL"
"SKCM","PWK",9,"ARID1B","MEL"
"CSCC","BK",12,"ARID1B","MEL"
"HNMUCM","BK",1,"ARID1B","MEL"
"MUP","BK",11,"ARID1B","MEL"
"SKCM","BK",35,"ARID1B","MEL"
"UM","BK",1,"ARID1B","MEL"
"VMM","BK",1,"ARID1B","MEL"
"CSCC","PMK",1,"ARID1B","MEL"
"HNMUCM","PMK",1,"ARID1B","MEL"
"SKCM","PMK",17,"ARID1B","MEL"
"ARMM","WT",63,"ARID2","MEL"
"CSCC","WT",68,"ARID2","MEL"
"ESMM","WT",2,"ARID2","MEL"
"HNMUCM","WT",36,"ARID2","MEL"
"MUP","WT",116,"ARID2","MEL"
"SKCM","WT",553,"ARID2","MEL"
"UM","WT",84,"ARID2","MEL"
"URMM","WT",4,"ARID2","MEL"
"VMM","WT",35,"ARID2","MEL"
"CSCC","PWK",9,"ARID2","MEL"
"MUP","PWK",2,"ARID2","MEL"
"SKCM","PWK",12,"ARID2","MEL"
"VMM","PWK",2,"ARID2","MEL"
"ARMM","BK",1,"ARID2","MEL"
"CSCC","BK",19,"ARID2","MEL"
"HNMUCM","BK",2,"ARID2","MEL"
"MUP","BK",20,"ARID2","MEL"
"SKCM","BK",69,"ARID2","MEL"
"VMM","BK",1,"ARID2","MEL"
"CSCC","PMK",2,"ARID2","MEL"
"MUP","PMK",11,"ARID2","MEL"
"SKCM","PMK",25,"ARID2","MEL"
"UM","PMK",1,"ARID2","MEL"
"ARMM","WT",61,"ATM","MEL"
"CSCC","WT",74,"ATM","MEL"
"ESMM","WT",2,"ATM","MEL"
"HNMUCM","WT",37,"ATM","MEL"
"MUP","WT",135,"ATM","MEL"
"SKCM","WT",590,"ATM","MEL"
"UM","WT",84,"ATM","MEL"
"URMM","WT",4,"ATM","MEL"
"VMM","WT",35,"ATM","MEL"
"CSCC","PWK",4,"ATM","MEL"
"MUP","PWK",2,"ATM","MEL"
"SKCM","PWK",8,"ATM","MEL"
"ARMM","BK",1,"ATM","MEL"
"CSCC","BK",16,"ATM","MEL"
"MUP","BK",8,"ATM","MEL"
"SKCM","BK",33,"ATM","MEL"
"UM","BK",1,"ATM","MEL"
"VMM","BK",1,"ATM","MEL"
"ARMM","PMK",2,"ATM","MEL"
"CSCC","PMK",4,"ATM","MEL"
"HNMUCM","PMK",1,"ATM","MEL"
"MUP","PMK",4,"ATM","MEL"
"SKCM","PMK",28,"ATM","MEL"
"VMM","PMK",2,"ATM","MEL"
"ARMM","WT",59,"ATRX","MEL"
"CSCC","WT",87,"ATRX","MEL"
"ESMM","WT",2,"ATRX","MEL"
"HNMUCM","WT",36,"ATRX","MEL"
"MUP","WT",129,"ATRX","MEL"
"SKCM","WT",589,"ATRX","MEL"
"UM","WT",84,"ATRX","MEL"
"URMM","WT",4,"ATRX","MEL"
"VMM","WT",27,"ATRX","MEL"
"CSCC","PWK",1,"ATRX","MEL"
"HNMUCM","PWK",1,"ATRX","MEL"
"MUP","PWK",4,"ATRX","MEL"
"SKCM","PWK",7,"ATRX","MEL"
"VMM","PWK",3,"ATRX","MEL"
"ARMM","BK",4,"ATRX","MEL"
"CSCC","BK",4,"ATRX","MEL"
"MUP","BK",9,"ATRX","MEL"
"SKCM","BK",32,"ATRX","MEL"
"VMM","BK",6,"ATRX","MEL"
"ARMM","PMK",1,"ATRX","MEL"
"CSCC","PMK",6,"ATRX","MEL"
"HNMUCM","PMK",1,"ATRX","MEL"
"MUP","PMK",7,"ATRX","MEL"
"SKCM","PMK",31,"ATRX","MEL"
"UM","PMK",1,"ATRX","MEL"
"VMM","PMK",2,"ATRX","MEL"
"ARMM","WT",64,"BRAF","MEL"
"CSCC","WT",93,"BRAF","MEL"
"ESMM","WT",1,"BRAF","MEL"
"HNMUCM","WT",31,"BRAF","MEL"
"MUP","WT",82,"BRAF","MEL"
"SKCM","WT",370,"BRAF","MEL"
"UM","WT",84,"BRAF","MEL"
"URMM","WT",4,"BRAF","MEL"
"VMM","WT",36,"BRAF","MEL"
"CSCC","PWK",3,"BRAF","MEL"
"HNMUCM","PWK",1,"BRAF","MEL"
"MUP","PWK",15,"BRAF","MEL"
"SKCM","PWK",65,"BRAF","MEL"
"UM","PWK",1,"BRAF","MEL"
"CSCC","BK",1,"BRAF","MEL"
"HNMUCM","BK",5,"BRAF","MEL"
"MUP","BK",35,"BRAF","MEL"
"SKCM","BK",125,"BRAF","MEL"
"VMM","BK",1,"BRAF","MEL"
"CSCC","PMK",1,"BRAF","MEL"
"ESMM","PMK",1,"BRAF","MEL"
"HNMUCM","PMK",1,"BRAF","MEL"
"MUP","PMK",17,"BRAF","MEL"
"SKCM","PMK",99,"BRAF","MEL"
"VMM","PMK",1,"BRAF","MEL"
"ARMM","WT",64,"BRAF:p.V600E","MEL"
"CSCC","WT",93,"BRAF:p.V600E","MEL"
"ESMM","WT",1,"BRAF:p.V600E","MEL"
"HNMUCM","WT",31,"BRAF:p.V600E","MEL"
"MUP","WT",82,"BRAF:p.V600E","MEL"
"SKCM","WT",370,"BRAF:p.V600E","MEL"
"UM","WT",84,"BRAF:p.V600E","MEL"
"URMM","WT",4,"BRAF:p.V600E","MEL"
"VMM","WT",36,"BRAF:p.V600E","MEL"
"MUP","PWK",8,"BRAF:p.V600E","MEL"
"SKCM","PWK",34,"BRAF:p.V600E","MEL"
"HNMUCM","BK",2,"BRAF:p.V600E","MEL"
"MUP","BK",23,"BRAF:p.V600E","MEL"
"SKCM","BK",76,"BRAF:p.V600E","MEL"
"HNMUCM","PMK",1,"BRAF:p.V600E","MEL"
"MUP","PMK",9,"BRAF:p.V600E","MEL"
"SKCM","PMK",57,"BRAF:p.V600E","MEL"
"ARMM","WT",62,"BRCA2","MEL"
"CSCC","WT",76,"BRCA2","MEL"
"ESMM","WT",1,"BRCA2","MEL"
"HNMUCM","WT",36,"BRCA2","MEL"
"MUP","WT",132,"BRCA2","MEL"
"SKCM","WT",581,"BRCA2","MEL"
"UM","WT",85,"BRCA2","MEL"
"URMM","WT",4,"BRCA2","MEL"
"VMM","WT",38,"BRCA2","MEL"
"CSCC","PWK",5,"BRCA2","MEL"
"HNMUCM","PWK",1,"BRCA2","MEL"
"MUP","PWK",3,"BRCA2","MEL"
"SKCM","PWK",14,"BRCA2","MEL"
"ARMM","BK",2,"BRCA2","MEL"
"CSCC","BK",15,"BRCA2","MEL"
"ESMM","BK",1,"BRCA2","MEL"
"HNMUCM","BK",1,"BRCA2","MEL"
"MUP","BK",8,"BRCA2","MEL"
"SKCM","BK",50,"BRCA2","MEL"
"CSCC","PMK",2,"BRCA2","MEL"
"MUP","PMK",6,"BRCA2","MEL"
"SKCM","PMK",14,"BRCA2","MEL"
"ARMM","WT",64,"CARD11","MEL"
"CSCC","WT",79,"CARD11","MEL"
"ESMM","WT",2,"CARD11","MEL"
"HNMUCM","WT",38,"CARD11","MEL"
"MUP","WT",127,"CARD11","MEL"
"SKCM","WT",556,"CARD11","MEL"
"UM","WT",85,"CARD11","MEL"
"URMM","WT",4,"CARD11","MEL"
"VMM","WT",38,"CARD11","MEL"
"CSCC","PWK",12,"CARD11","MEL"
"MUP","PWK",12,"CARD11","MEL"
"SKCM","PWK",32,"CARD11","MEL"
"CSCC","BK",5,"CARD11","MEL"
"MUP","BK",7,"CARD11","MEL"
"SKCM","BK",67,"CARD11","MEL"
"CSCC","PMK",2,"CARD11","MEL"
"MUP","PMK",3,"CARD11","MEL"
"SKCM","PMK",4,"CARD11","MEL"
"ARMM","WT",58,"CBL","MEL"
"CSCC","WT",87,"CBL","MEL"
"ESMM","WT",2,"CBL","MEL"
"HNMUCM","WT",35,"CBL","MEL"
"MUP","WT",133,"CBL","MEL"
"SKCM","WT",588,"CBL","MEL"
"UM","WT",85,"CBL","MEL"
"URMM","WT",4,"CBL","MEL"
"VMM","WT",37,"CBL","MEL"
"CSCC","PWK",3,"CBL","MEL"
"HNMUCM","PWK",1,"CBL","MEL"
"SKCM","PWK",4,"CBL","MEL"
"ARMM","BK",3,"CBL","MEL"
"CSCC","BK",7,"CBL","MEL"
"HNMUCM","BK",2,"CBL","MEL"
"MUP","BK",12,"CBL","MEL"
"SKCM","BK",48,"CBL","MEL"
"ARMM","PMK",3,"CBL","MEL"
"CSCC","PMK",1,"CBL","MEL"
"MUP","PMK",4,"CBL","MEL"
"SKCM","PMK",19,"CBL","MEL"
"VMM","PMK",1,"CBL","MEL"
"ARMM","WT",64,"CDKN2A","MEL"
"CSCC","WT",50,"CDKN2A","MEL"
"ESMM","WT",2,"CDKN2A","MEL"
"HNMUCM","WT",35,"CDKN2A","MEL"
"MUP","WT",118,"CDKN2A","MEL"
"SKCM","WT",528,"CDKN2A","MEL"
"UM","WT",84,"CDKN2A","MEL"
"URMM","WT",4,"CDKN2A","MEL"
"VMM","WT",38,"CDKN2A","MEL"
"HNMUCM","PWK",1,"CDKN2A","MEL"
"SKCM","PWK",4,"CDKN2A","MEL"
"CSCC","BK",6,"CDKN2A","MEL"
"MUP","BK",1,"CDKN2A","MEL"
"SKCM","BK",11,"CDKN2A","MEL"
"CSCC","PMK",42,"CDKN2A","MEL"
"HNMUCM","PMK",2,"CDKN2A","MEL"
"MUP","PMK",30,"CDKN2A","MEL"
"SKCM","PMK",116,"CDKN2A","MEL"
"UM","PMK",1,"CDKN2A","MEL"
"ARMM","WT",63,"CREBBP","MEL"
"CSCC","WT",78,"CREBBP","MEL"
"ESMM","WT",2,"CREBBP","MEL"
"HNMUCM","WT",36,"CREBBP","MEL"
"MUP","WT",132,"CREBBP","MEL"
"SKCM","WT",593,"CREBBP","MEL"
"UM","WT",82,"CREBBP","MEL"
"URMM","WT",4,"CREBBP","MEL"
"VMM","WT",37,"CREBBP","MEL"
"CSCC","PWK",7,"CREBBP","MEL"
"MUP","PWK",6,"CREBBP","MEL"
"SKCM","PWK",9,"CREBBP","MEL"
"UM","PWK",3,"CREBBP","MEL"
"ARMM","BK",1,"CREBBP","MEL"
"CSCC","BK",9,"CREBBP","MEL"
"HNMUCM","BK",1,"CREBBP","MEL"
"MUP","BK",10,"CREBBP","MEL"
"SKCM","BK",56,"CREBBP","MEL"
"VMM","BK",1,"CREBBP","MEL"
"CSCC","PMK",4,"CREBBP","MEL"
"HNMUCM","PMK",1,"CREBBP","MEL"
"MUP","PMK",1,"CREBBP","MEL"
"SKCM","PMK",1,"CREBBP","MEL"
"ARMM","WT",63,"EPHA3","MEL"
"CSCC","WT",77,"EPHA3","MEL"
"ESMM","WT",1,"EPHA3","MEL"
"HNMUCM","WT",38,"EPHA3","MEL"
"MUP","WT",132,"EPHA3","MEL"
"SKCM","WT",565,"EPHA3","MEL"
"UM","WT",85,"EPHA3","MEL"
"URMM","WT",3,"EPHA3","MEL"
"VMM","WT",38,"EPHA3","MEL"
"CSCC","PWK",4,"EPHA3","MEL"
"MUP","PWK",1,"EPHA3","MEL"
"SKCM","PWK",11,"EPHA3","MEL"
"ARMM","BK",1,"EPHA3","MEL"
"CSCC","BK",13,"EPHA3","MEL"
"ESMM","BK",1,"EPHA3","MEL"
"MUP","BK",13,"EPHA3","MEL"
"SKCM","BK",65,"EPHA3","MEL"
"URMM","BK",1,"EPHA3","MEL"
"CSCC","PMK",4,"EPHA3","MEL"
"MUP","PMK",3,"EPHA3","MEL"
"SKCM","PMK",18,"EPHA3","MEL"
"ARMM","WT",63,"EPHA7","MEL"
"CSCC","WT",77,"EPHA7","MEL"
"ESMM","WT",2,"EPHA7","MEL"
"HNMUCM","WT",37,"EPHA7","MEL"
"MUP","WT",120,"EPHA7","MEL"
"SKCM","WT",525,"EPHA7","MEL"
"UM","WT",84,"EPHA7","MEL"
"URMM","WT",4,"EPHA7","MEL"
"VMM","WT",36,"EPHA7","MEL"
"CSCC","PWK",8,"EPHA7","MEL"
"MUP","PWK",7,"EPHA7","MEL"
"SKCM","PWK",17,"EPHA7","MEL"
"CSCC","BK",8,"EPHA7","MEL"
"MUP","BK",12,"EPHA7","MEL"
"SKCM","BK",69,"EPHA7","MEL"
"VMM","BK",1,"EPHA7","MEL"
"ARMM","PMK",1,"EPHA7","MEL"
"CSCC","PMK",5,"EPHA7","MEL"
"HNMUCM","PMK",1,"EPHA7","MEL"
"MUP","PMK",10,"EPHA7","MEL"
"SKCM","PMK",48,"EPHA7","MEL"
"UM","PMK",1,"EPHA7","MEL"
"VMM","PMK",1,"EPHA7","MEL"
"ARMM","WT",64,"ERBB4","MEL"
"CSCC","WT",71,"ERBB4","MEL"
"ESMM","WT",2,"ERBB4","MEL"
"HNMUCM","WT",37,"ERBB4","MEL"
"MUP","WT",112,"ERBB4","MEL"
"SKCM","WT",509,"ERBB4","MEL"
"UM","WT",85,"ERBB4","MEL"
"URMM","WT",4,"ERBB4","MEL"
"VMM","WT",38,"ERBB4","MEL"
"CSCC","PWK",7,"ERBB4","MEL"
"MUP","PWK",5,"ERBB4","MEL"
"SKCM","PWK",18,"ERBB4","MEL"
"CSCC","BK",18,"ERBB4","MEL"
"HNMUCM","BK",1,"ERBB4","MEL"
"MUP","BK",27,"ERBB4","MEL"
"SKCM","BK",111,"ERBB4","MEL"
"CSCC","PMK",2,"ERBB4","MEL"
"MUP","PMK",5,"ERBB4","MEL"
"SKCM","PMK",21,"ERBB4","MEL"
"ARMM","WT",63,"FAT1","MEL"
"CSCC","WT",58,"FAT1","MEL"
"ESMM","WT",2,"FAT1","MEL"
"HNMUCM","WT",35,"FAT1","MEL"
"MUP","WT",116,"FAT1","MEL"
"SKCM","WT",540,"FAT1","MEL"
"UM","WT",85,"FAT1","MEL"
"URMM","WT",3,"FAT1","MEL"
"VMM","WT",36,"FAT1","MEL"
"CSCC","PWK",8,"FAT1","MEL"
"MUP","PWK",6,"FAT1","MEL"
"SKCM","PWK",14,"FAT1","MEL"
"ARMM","BK",1,"FAT1","MEL"
"CSCC","BK",24,"FAT1","MEL"
"HNMUCM","BK",3,"FAT1","MEL"
"MUP","BK",27,"FAT1","MEL"
"SKCM","BK",92,"FAT1","MEL"
"VMM","BK",2,"FAT1","MEL"
"CSCC","PMK",8,"FAT1","MEL"
"SKCM","PMK",13,"FAT1","MEL"
"URMM","PMK",1,"FAT1","MEL"
"ARMM","WT",63,"FGFR2","MEL"
"CSCC","WT",86,"FGFR2","MEL"
"ESMM","WT",2,"FGFR2","MEL"
"HNMUCM","WT",37,"FGFR2","MEL"
"MUP","WT",130,"FGFR2","MEL"
"SKCM","WT",580,"FGFR2","MEL"
"UM","WT",84,"FGFR2","MEL"
"URMM","WT",4,"FGFR2","MEL"
"VMM","WT",38,"FGFR2","MEL"
"CSCC","PWK",7,"FGFR2","MEL"
"MUP","PWK",5,"FGFR2","MEL"
"SKCM","PWK",25,"FGFR2","MEL"
"ARMM","BK",1,"FGFR2","MEL"
"CSCC","BK",3,"FGFR2","MEL"
"MUP","BK",10,"FGFR2","MEL"
"SKCM","BK",39,"FGFR2","MEL"
"CSCC","PMK",2,"FGFR2","MEL"
"HNMUCM","PMK",1,"FGFR2","MEL"
"MUP","PMK",4,"FGFR2","MEL"
"SKCM","PMK",15,"FGFR2","MEL"
"UM","PMK",1,"FGFR2","MEL"
"ARMM","WT",63,"FLT3","MEL"
"CSCC","WT",86,"FLT3","MEL"
"ESMM","WT",2,"FLT3","MEL"
"HNMUCM","WT",36,"FLT3","MEL"
"MUP","WT",125,"FLT3","MEL"
"SKCM","WT",563,"FLT3","MEL"
"UM","WT",84,"FLT3","MEL"
"URMM","WT",4,"FLT3","MEL"
"VMM","WT",38,"FLT3","MEL"
"CSCC","PWK",5,"FLT3","MEL"
"HNMUCM","PWK",1,"FLT3","MEL"
"MUP","PWK",4,"FLT3","MEL"
"SKCM","PWK",27,"FLT3","MEL"
"UM","PWK",1,"FLT3","MEL"
"ARMM","BK",1,"FLT3","MEL"
"CSCC","BK",4,"FLT3","MEL"
"HNMUCM","BK",1,"FLT3","MEL"
"MUP","BK",12,"FLT3","MEL"
"SKCM","BK",57,"FLT3","MEL"
"CSCC","PMK",3,"FLT3","MEL"
"MUP","PMK",8,"FLT3","MEL"
"SKCM","PMK",12,"FLT3","MEL"
"ARMM","WT",63,"FLT4","MEL"
"CSCC","WT",85,"FLT4","MEL"
"ESMM","WT",2,"FLT4","MEL"
"HNMUCM","WT",38,"FLT4","MEL"
"MUP","WT",135,"FLT4","MEL"
"SKCM","WT",575,"FLT4","MEL"
"UM","WT",85,"FLT4","MEL"
"URMM","WT",4,"FLT4","MEL"
"VMM","WT",38,"FLT4","MEL"
"ARMM","PWK",1,"FLT4","MEL"
"CSCC","PWK",7,"FLT4","MEL"
"MUP","PWK",6,"FLT4","MEL"
"SKCM","PWK",28,"FLT4","MEL"
"CSCC","BK",3,"FLT4","MEL"
"MUP","BK",7,"FLT4","MEL"
"SKCM","BK",43,"FLT4","MEL"
"CSCC","PMK",3,"FLT4","MEL"
"MUP","PMK",1,"FLT4","MEL"
"SKCM","PMK",13,"FLT4","MEL"
"ARMM","WT",61,"GRIN2A","MEL"
"CSCC","WT",69,"GRIN2A","MEL"
"ESMM","WT",1,"GRIN2A","MEL"
"HNMUCM","WT",36,"GRIN2A","MEL"
"MUP","WT",99,"GRIN2A","MEL"
"SKCM","WT",455,"GRIN2A","MEL"
"UM","WT",85,"GRIN2A","MEL"
"URMM","WT",4,"GRIN2A","MEL"
"VMM","WT",38,"GRIN2A","MEL"
"ARMM","PWK",1,"GRIN2A","MEL"
"CSCC","PWK",6,"GRIN2A","MEL"
"HNMUCM","PWK",1,"GRIN2A","MEL"
"MUP","PWK",9,"GRIN2A","MEL"
"SKCM","PWK",31,"GRIN2A","MEL"
"ARMM","BK",2,"GRIN2A","MEL"
"CSCC","BK",17,"GRIN2A","MEL"
"ESMM","BK",1,"GRIN2A","MEL"
"HNMUCM","BK",1,"GRIN2A","MEL"
"MUP","BK",37,"GRIN2A","MEL"
"SKCM","BK",143,"GRIN2A","MEL"
"CSCC","PMK",6,"GRIN2A","MEL"
"MUP","PMK",4,"GRIN2A","MEL"
"SKCM","PMK",30,"GRIN2A","MEL"
"ARMM","WT",63,"IKZF1","MEL"
"CSCC","WT",89,"IKZF1","MEL"
"ESMM","WT",2,"IKZF1","MEL"
"HNMUCM","WT",38,"IKZF1","MEL"
"MUP","WT",132,"IKZF1","MEL"
"SKCM","WT",564,"IKZF1","MEL"
"UM","WT",84,"IKZF1","MEL"
"URMM","WT",4,"IKZF1","MEL"
"VMM","WT",38,"IKZF1","MEL"
"CSCC","PWK",2,"IKZF1","MEL"
"SKCM","PWK",15,"IKZF1","MEL"
"ARMM","BK",1,"IKZF1","MEL"
"CSCC","BK",6,"IKZF1","MEL"
"MUP","BK",16,"IKZF1","MEL"
"SKCM","BK",74,"IKZF1","MEL"
"CSCC","PMK",1,"IKZF1","MEL"
"MUP","PMK",1,"IKZF1","MEL"
"SKCM","PMK",6,"IKZF1","MEL"
"UM","PMK",1,"IKZF1","MEL"
"ARMM","WT",64,"IL7R","MEL"
"CSCC","WT",94,"IL7R","MEL"
"ESMM","WT",2,"IL7R","MEL"
"HNMUCM","WT",37,"IL7R","MEL"
"MUP","WT",124,"IL7R","MEL"
"SKCM","WT",580,"IL7R","MEL"
"UM","WT",85,"IL7R","MEL"
"URMM","WT",4,"IL7R","MEL"
"VMM","WT",38,"IL7R","MEL"
"CSCC","PWK",2,"IL7R","MEL"
"MUP","PWK",5,"IL7R","MEL"
"SKCM","PWK",18,"IL7R","MEL"
"CSCC","BK",2,"IL7R","MEL"
"HNMUCM","BK",1,"IL7R","MEL"
"MUP","BK",19,"IL7R","MEL"
"SKCM","BK",48,"IL7R","MEL"
"MUP","PMK",1,"IL7R","MEL"
"SKCM","PMK",13,"IL7R","MEL"
"ARMM","WT",64,"KDR","MEL"
"CSCC","WT",77,"KDR","MEL"
"ESMM","WT",2,"KDR","MEL"
"HNMUCM","WT",36,"KDR","MEL"
"MUP","WT",116,"KDR","MEL"
"SKCM","WT",540,"KDR","MEL"
"UM","WT",85,"KDR","MEL"
"URMM","WT",3,"KDR","MEL"
"VMM","WT",38,"KDR","MEL"
"CSCC","PWK",13,"KDR","MEL"
"MUP","PWK",10,"KDR","MEL"
"SKCM","PWK",33,"KDR","MEL"
"URMM","PWK",1,"KDR","MEL"
"CSCC","BK",6,"KDR","MEL"
"HNMUCM","BK",2,"KDR","MEL"
"MUP","BK",22,"KDR","MEL"
"SKCM","BK",69,"KDR","MEL"
"CSCC","PMK",2,"KDR","MEL"
"MUP","PMK",1,"KDR","MEL"
"SKCM","PMK",17,"KDR","MEL"
"ARMM","WT",64,"KMT2A","MEL"
"CSCC","WT",83,"KMT2A","MEL"
"ESMM","WT",2,"KMT2A","MEL"
"HNMUCM","WT",36,"KMT2A","MEL"
"MUP","WT",130,"KMT2A","MEL"
"SKCM","WT",564,"KMT2A","MEL"
"UM","WT",84,"KMT2A","MEL"
"URMM","WT",4,"KMT2A","MEL"
"VMM","WT",38,"KMT2A","MEL"
"CSCC","PWK",5,"KMT2A","MEL"
"HNMUCM","PWK",1,"KMT2A","MEL"
"MUP","PWK",2,"KMT2A","MEL"
"SKCM","PWK",11,"KMT2A","MEL"
"CSCC","BK",8,"KMT2A","MEL"
"MUP","BK",9,"KMT2A","MEL"
"SKCM","BK",42,"KMT2A","MEL"
"UM","BK",1,"KMT2A","MEL"
"CSCC","PMK",2,"KMT2A","MEL"
"HNMUCM","PMK",1,"KMT2A","MEL"
"MUP","PMK",8,"KMT2A","MEL"
"SKCM","PMK",42,"KMT2A","MEL"
"ARMM","WT",62,"KMT2C","MEL"
"CSCC","WT",73,"KMT2C","MEL"
"ESMM","WT",2,"KMT2C","MEL"
"HNMUCM","WT",36,"KMT2C","MEL"
"MUP","WT",127,"KMT2C","MEL"
"SKCM","WT",565,"KMT2C","MEL"
"UM","WT",84,"KMT2C","MEL"
"URMM","WT",4,"KMT2C","MEL"
"VMM","WT",38,"KMT2C","MEL"
"ARMM","PWK",1,"KMT2C","MEL"
"CSCC","PWK",9,"KMT2C","MEL"
"HNMUCM","PWK",1,"KMT2C","MEL"
"MUP","PWK",4,"KMT2C","MEL"
"SKCM","PWK",18,"KMT2C","MEL"
"ARMM","BK",1,"KMT2C","MEL"
"CSCC","BK",10,"KMT2C","MEL"
"HNMUCM","BK",1,"KMT2C","MEL"
"MUP","BK",14,"KMT2C","MEL"
"SKCM","BK",63,"KMT2C","MEL"
"UM","BK",1,"KMT2C","MEL"
"CSCC","PMK",6,"KMT2C","MEL"
"MUP","PMK",4,"KMT2C","MEL"
"SKCM","PMK",13,"KMT2C","MEL"
"ARMM","WT",62,"KMT2D","MEL"
"CSCC","WT",65,"KMT2D","MEL"
"ESMM","WT",2,"KMT2D","MEL"
"HNMUCM","WT",37,"KMT2D","MEL"
"MUP","WT",116,"KMT2D","MEL"
"SKCM","WT",529,"KMT2D","MEL"
"UM","WT",84,"KMT2D","MEL"
"URMM","WT",4,"KMT2D","MEL"
"VMM","WT",38,"KMT2D","MEL"
"ARMM","PWK",1,"KMT2D","MEL"
"CSCC","PWK",8,"KMT2D","MEL"
"HNMUCM","PWK",1,"KMT2D","MEL"
"MUP","PWK",7,"KMT2D","MEL"
"SKCM","PWK",20,"KMT2D","MEL"
"ARMM","BK",1,"KMT2D","MEL"
"CSCC","BK",22,"KMT2D","MEL"
"MUP","BK",23,"KMT2D","MEL"
"SKCM","BK",99,"KMT2D","MEL"
"UM","BK",1,"KMT2D","MEL"
"CSCC","PMK",3,"KMT2D","MEL"
"MUP","PMK",3,"KMT2D","MEL"
"SKCM","PMK",11,"KMT2D","MEL"
"ARMM","WT",63,"MET","MEL"
"CSCC","WT",88,"MET","MEL"
"ESMM","WT",2,"MET","MEL"
"HNMUCM","WT",38,"MET","MEL"
"MUP","WT",129,"MET","MEL"
"SKCM","WT",579,"MET","MEL"
"UM","WT",84,"MET","MEL"
"URMM","WT",4,"MET","MEL"
"VMM","WT",38,"MET","MEL"
"ARMM","PWK",1,"MET","MEL"
"CSCC","PWK",2,"MET","MEL"
"MUP","PWK",7,"MET","MEL"
"SKCM","PWK",20,"MET","MEL"
"CSCC","BK",5,"MET","MEL"
"MUP","BK",9,"MET","MEL"
"SKCM","BK",43,"MET","MEL"
"UM","BK",1,"MET","MEL"
"CSCC","PMK",3,"MET","MEL"
"MUP","PMK",4,"MET","MEL"
"SKCM","PMK",17,"MET","MEL"
"ARMM","WT",44,"NF1","MEL"
"CSCC","WT",73,"NF1","MEL"
"ESMM","WT",2,"NF1","MEL"
"HNMUCM","WT",26,"NF1","MEL"
"MUP","WT",96,"NF1","MEL"
"SKCM","WT",473,"NF1","MEL"
"UM","WT",83,"NF1","MEL"
"URMM","WT",4,"NF1","MEL"
"VMM","WT",32,"NF1","MEL"
"ARMM","PWK",4,"NF1","MEL"
"CSCC","PWK",3,"NF1","MEL"
"HNMUCM","PWK",3,"NF1","MEL"
"MUP","PWK",5,"NF1","MEL"
"SKCM","PWK",12,"NF1","MEL"
"VMM","PWK",1,"NF1","MEL"
"ARMM","BK",7,"NF1","MEL"
"CSCC","BK",14,"NF1","MEL"
"HNMUCM","BK",6,"NF1","MEL"
"MUP","BK",26,"NF1","MEL"
"SKCM","BK",92,"NF1","MEL"
"UM","BK",1,"NF1","MEL"
"VMM","BK",3,"NF1","MEL"
"ARMM","PMK",8,"NF1","MEL"
"CSCC","PMK",2,"NF1","MEL"
"HNMUCM","PMK",3,"NF1","MEL"
"MUP","PMK",20,"NF1","MEL"
"SKCM","PMK",71,"NF1","MEL"
"VMM","PMK",2,"NF1","MEL"
"ARMM","WT",63,"NOTCH1","MEL"
"CSCC","WT",37,"NOTCH1","MEL"
"ESMM","WT",2,"NOTCH1","MEL"
"HNMUCM","WT",38,"NOTCH1","MEL"
"MUP","WT",128,"NOTCH1","MEL"
"SKCM","WT",608,"NOTCH1","MEL"
"UM","WT",84,"NOTCH1","MEL"
"URMM","WT",4,"NOTCH1","MEL"
"VMM","WT",37,"NOTCH1","MEL"
"ARMM","PWK",1,"NOTCH1","MEL"
"CSCC","PWK",8,"NOTCH1","MEL"
"MUP","PWK",4,"NOTCH1","MEL"
"SKCM","PWK",9,"NOTCH1","MEL"
"UM","PWK",1,"NOTCH1","MEL"
"CSCC","BK",36,"NOTCH1","MEL"
"MUP","BK",13,"NOTCH1","MEL"
"SKCM","BK",38,"NOTCH1","MEL"
"VMM","BK",1,"NOTCH1","MEL"
"CSCC","PMK",17,"NOTCH1","MEL"
"MUP","PMK",4,"NOTCH1","MEL"
"SKCM","PMK",4,"NOTCH1","MEL"
"ARMM","WT",64,"NOTCH2","MEL"
"CSCC","WT",60,"NOTCH2","MEL"
"ESMM","WT",2,"NOTCH2","MEL"
"HNMUCM","WT",38,"NOTCH2","MEL"
"MUP","WT",133,"NOTCH2","MEL"
"SKCM","WT",606,"NOTCH2","MEL"
"UM","WT",84,"NOTCH2","MEL"
"URMM","WT",4,"NOTCH2","MEL"
"VMM","WT",38,"NOTCH2","MEL"
"CSCC","PWK",7,"NOTCH2","MEL"
"MUP","PWK",4,"NOTCH2","MEL"
"SKCM","PWK",13,"NOTCH2","MEL"
"CSCC","BK",27,"NOTCH2","MEL"
"MUP","BK",12,"NOTCH2","MEL"
"SKCM","BK",37,"NOTCH2","MEL"
"UM","BK",1,"NOTCH2","MEL"
"CSCC","PMK",4,"NOTCH2","MEL"
"SKCM","PMK",3,"NOTCH2","MEL"
"ARMM","WT",55,"NRAS","MEL"
"CSCC","WT",96,"NRAS","MEL"
"ESMM","WT",2,"NRAS","MEL"
"HNMUCM","WT",28,"NRAS","MEL"
"MUP","WT",107,"NRAS","MEL"
"SKCM","WT",460,"NRAS","MEL"
"UM","WT",85,"NRAS","MEL"
"URMM","WT",3,"NRAS","MEL"
"VMM","WT",36,"NRAS","MEL"
"ARMM","PWK",3,"NRAS","MEL"
"HNMUCM","PWK",3,"NRAS","MEL"
"MUP","PWK",11,"NRAS","MEL"
"SKCM","PWK",42,"NRAS","MEL"
"VMM","PWK",1,"NRAS","MEL"
"CSCC","BK",2,"NRAS","MEL"
"HNMUCM","BK",5,"NRAS","MEL"
"MUP","BK",18,"NRAS","MEL"
"SKCM","BK",104,"NRAS","MEL"
"URMM","BK",1,"NRAS","MEL"
"VMM","BK",1,"NRAS","MEL"
"ARMM","PMK",6,"NRAS","MEL"
"HNMUCM","PMK",2,"NRAS","MEL"
"MUP","PMK",13,"NRAS","MEL"
"SKCM","PMK",53,"NRAS","MEL"
"ARMM","WT",55,"NRAS:p.Q61R","MEL"
"CSCC","WT",96,"NRAS:p.Q61R","MEL"
"ESMM","WT",2,"NRAS:p.Q61R","MEL"
"HNMUCM","WT",28,"NRAS:p.Q61R","MEL"
"MUP","WT",107,"NRAS:p.Q61R","MEL"
"SKCM","WT",460,"NRAS:p.Q61R","MEL"
"UM","WT",85,"NRAS:p.Q61R","MEL"
"URMM","WT",3,"NRAS:p.Q61R","MEL"
"VMM","WT",36,"NRAS:p.Q61R","MEL"
"HNMUCM","PWK",1,"NRAS:p.Q61R","MEL"
"MUP","PWK",2,"NRAS:p.Q61R","MEL"
"SKCM","PWK",14,"NRAS:p.Q61R","MEL"
"HNMUCM","BK",1,"NRAS:p.Q61R","MEL"
"MUP","BK",4,"NRAS:p.Q61R","MEL"
"SKCM","BK",51,"NRAS:p.Q61R","MEL"
"VMM","BK",1,"NRAS:p.Q61R","MEL"
"HNMUCM","PMK",1,"NRAS:p.Q61R","MEL"
"MUP","PMK",2,"NRAS:p.Q61R","MEL"
"SKCM","PMK",23,"NRAS:p.Q61R","MEL"
"ARMM","WT",64,"NTRK3","MEL"
"CSCC","WT",78,"NTRK3","MEL"
"ESMM","WT",2,"NTRK3","MEL"
"HNMUCM","WT",37,"NTRK3","MEL"
"MUP","WT",134,"NTRK3","MEL"
"SKCM","WT",559,"NTRK3","MEL"
"UM","WT",84,"NTRK3","MEL"
"URMM","WT",4,"NTRK3","MEL"
"VMM","WT",37,"NTRK3","MEL"
"CSCC","PWK",9,"NTRK3","MEL"
"MUP","PWK",5,"NTRK3","MEL"
"SKCM","PWK",32,"NTRK3","MEL"
"UM","PWK",1,"NTRK3","MEL"
"CSCC","BK",7,"NTRK3","MEL"
"MUP","BK",8,"NTRK3","MEL"
"SKCM","BK",58,"NTRK3","MEL"
"VMM","BK",1,"NTRK3","MEL"
"CSCC","PMK",4,"NTRK3","MEL"
"HNMUCM","PMK",1,"NTRK3","MEL"
"MUP","PMK",2,"NTRK3","MEL"
"SKCM","PMK",10,"NTRK3","MEL"
"ARMM","WT",64,"POLE","MEL"
"CSCC","WT",88,"POLE","MEL"
"ESMM","WT",2,"POLE","MEL"
"HNMUCM","WT",37,"POLE","MEL"
"MUP","WT",129,"POLE","MEL"
"SKCM","WT",587,"POLE","MEL"
"UM","WT",83,"POLE","MEL"
"URMM","WT",4,"POLE","MEL"
"VMM","WT",38,"POLE","MEL"
"CSCC","PWK",2,"POLE","MEL"
"MUP","PWK",4,"POLE","MEL"
"SKCM","PWK",10,"POLE","MEL"
"UM","PWK",1,"POLE","MEL"
"CSCC","BK",7,"POLE","MEL"
"HNMUCM","BK",1,"POLE","MEL"
"MUP","BK",16,"POLE","MEL"
"SKCM","BK",57,"POLE","MEL"
"UM","BK",1,"POLE","MEL"
"CSCC","PMK",1,"POLE","MEL"
"SKCM","PMK",5,"POLE","MEL"
"ARMM","WT",62,"PREX2","MEL"
"CSCC","WT",88,"PREX2","MEL"
"ESMM","WT",2,"PREX2","MEL"
"HNMUCM","WT",33,"PREX2","MEL"
"MUP","WT",118,"PREX2","MEL"
"SKCM","WT",513,"PREX2","MEL"
"UM","WT",84,"PREX2","MEL"
"URMM","WT",3,"PREX2","MEL"
"VMM","WT",38,"PREX2","MEL"
"ARMM","PWK",1,"PREX2","MEL"
"CSCC","PWK",6,"PREX2","MEL"
"HNMUCM","PWK",1,"PREX2","MEL"
"MUP","PWK",7,"PREX2","MEL"
"SKCM","PWK",41,"PREX2","MEL"
"UM","PWK",1,"PREX2","MEL"
"URMM","PWK",1,"PREX2","MEL"
"CSCC","BK",4,"PREX2","MEL"
"HNMUCM","BK",3,"PREX2","MEL"
"MUP","BK",19,"PREX2","MEL"
"SKCM","BK",75,"PREX2","MEL"
"ARMM","PMK",1,"PREX2","MEL"
"HNMUCM","PMK",1,"PREX2","MEL"
"MUP","PMK",5,"PREX2","MEL"
"SKCM","PMK",30,"PREX2","MEL"
"ARMM","WT",61,"PTEN","MEL"
"CSCC","WT",92,"PTEN","MEL"
"ESMM","WT",2,"PTEN","MEL"
"HNMUCM","WT",36,"PTEN","MEL"
"MUP","WT",131,"PTEN","MEL"
"SKCM","WT",586,"PTEN","MEL"
"UM","WT",84,"PTEN","MEL"
"URMM","WT",4,"PTEN","MEL"
"VMM","WT",37,"PTEN","MEL"
"HNMUCM","PWK",2,"PTEN","MEL"
"SKCM","PWK",6,"PTEN","MEL"
"CSCC","BK",3,"PTEN","MEL"
"MUP","BK",3,"PTEN","MEL"
"SKCM","BK",22,"PTEN","MEL"
"UM","BK",1,"PTEN","MEL"
"ARMM","PMK",3,"PTEN","MEL"
"CSCC","PMK",3,"PTEN","MEL"
"MUP","PMK",15,"PTEN","MEL"
"SKCM","PMK",45,"PTEN","MEL"
"VMM","PMK",1,"PTEN","MEL"
"ARMM","WT",63,"PTPRD","MEL"
"CSCC","WT",67,"PTPRD","MEL"
"ESMM","WT",2,"PTPRD","MEL"
"HNMUCM","WT",34,"PTPRD","MEL"
"MUP","WT",93,"PTPRD","MEL"
"SKCM","WT",479,"PTPRD","MEL"
"UM","WT",84,"PTPRD","MEL"
"URMM","WT",4,"PTPRD","MEL"
"VMM","WT",37,"PTPRD","MEL"
"CSCC","PWK",5,"PTPRD","MEL"
"MUP","PWK",4,"PTPRD","MEL"
"SKCM","PWK",10,"PTPRD","MEL"
"ARMM","BK",1,"PTPRD","MEL"
"CSCC","BK",19,"PTPRD","MEL"
"HNMUCM","BK",1,"PTPRD","MEL"
"MUP","BK",37,"PTPRD","MEL"
"SKCM","BK",94,"PTPRD","MEL"
"VMM","BK",1,"PTPRD","MEL"
"CSCC","PMK",7,"PTPRD","MEL"
"HNMUCM","PMK",3,"PTPRD","MEL"
"MUP","PMK",15,"PTPRD","MEL"
"SKCM","PMK",76,"PTPRD","MEL"
"UM","PMK",1,"PTPRD","MEL"
"ARMM","WT",64,"PTPRT","MEL"
"CSCC","WT",75,"PTPRT","MEL"
"ESMM","WT",1,"PTPRT","MEL"
"HNMUCM","WT",34,"PTPRT","MEL"
"MUP","WT",93,"PTPRT","MEL"
"SKCM","WT",429,"PTPRT","MEL"
"UM","WT",83,"PTPRT","MEL"
"URMM","WT",4,"PTPRT","MEL"
"VMM","WT",38,"PTPRT","MEL"
"CSCC","PWK",6,"PTPRT","MEL"
"HNMUCM","PWK",2,"PTPRT","MEL"
"MUP","PWK",8,"PTPRT","MEL"
"SKCM","PWK",35,"PTPRT","MEL"
"CSCC","BK",14,"PTPRT","MEL"
"ESMM","BK",1,"PTPRT","MEL"
"HNMUCM","BK",2,"PTPRT","MEL"
"MUP","BK",43,"PTPRT","MEL"
"SKCM","BK",179,"PTPRT","MEL"
"UM","BK",2,"PTPRT","MEL"
"CSCC","PMK",3,"PTPRT","MEL"
"MUP","PMK",5,"PTPRT","MEL"
"SKCM","PMK",16,"PTPRT","MEL"
"ARMM","WT",63,"ROS1","MEL"
"CSCC","WT",63,"ROS1","MEL"
"ESMM","WT",2,"ROS1","MEL"
"HNMUCM","WT",31,"ROS1","MEL"
"MUP","WT",93,"ROS1","MEL"
"SKCM","WT",488,"ROS1","MEL"
"UM","WT",85,"ROS1","MEL"
"URMM","WT",4,"ROS1","MEL"
"VMM","WT",37,"ROS1","MEL"
"ARMM","PWK",1,"ROS1","MEL"
"CSCC","PWK",16,"ROS1","MEL"
"HNMUCM","PWK",3,"ROS1","MEL"
"MUP","PWK",11,"ROS1","MEL"
"SKCM","PWK",30,"ROS1","MEL"
"CSCC","BK",14,"ROS1","MEL"
"HNMUCM","BK",1,"ROS1","MEL"
"MUP","BK",29,"ROS1","MEL"
"SKCM","BK",82,"ROS1","MEL"
"CSCC","PMK",5,"ROS1","MEL"
"HNMUCM","PMK",3,"ROS1","MEL"
"MUP","PMK",16,"ROS1","MEL"
"SKCM","PMK",59,"ROS1","MEL"
"VMM","PMK",1,"ROS1","MEL"
"ARMM","WT",62,"SETD2","MEL"
"CSCC","WT",85,"SETD2","MEL"
"ESMM","WT",2,"SETD2","MEL"
"HNMUCM","WT",37,"SETD2","MEL"
"MUP","WT",133,"SETD2","MEL"
"SKCM","WT",587,"SETD2","MEL"
"UM","WT",83,"SETD2","MEL"
"URMM","WT",4,"SETD2","MEL"
"VMM","WT",37,"SETD2","MEL"
"ARMM","PWK",1,"SETD2","MEL"
"CSCC","PWK",2,"SETD2","MEL"
"MUP","PWK",4,"SETD2","MEL"
"SKCM","PWK",6,"SETD2","MEL"
"ARMM","BK",1,"SETD2","MEL"
"CSCC","BK",9,"SETD2","MEL"
"MUP","BK",10,"SETD2","MEL"
"SKCM","BK",55,"SETD2","MEL"
"UM","BK",2,"SETD2","MEL"
"VMM","BK",1,"SETD2","MEL"
"CSCC","PMK",2,"SETD2","MEL"
"HNMUCM","PMK",1,"SETD2","MEL"
"MUP","PMK",2,"SETD2","MEL"
"SKCM","PMK",11,"SETD2","MEL"
"ARMM","WT",34,"SF3B1","MEL"
"CSCC","WT",89,"SF3B1","MEL"
"ESMM","WT",2,"SF3B1","MEL"
"HNMUCM","WT",37,"SF3B1","MEL"
"MUP","WT",138,"SF3B1","MEL"
"SKCM","WT",624,"SF3B1","MEL"
"UM","WT",52,"SF3B1","MEL"
"URMM","WT",4,"SF3B1","MEL"
"VMM","WT",24,"SF3B1","MEL"
"ARMM","PWK",6,"SF3B1","MEL"
"CSCC","PWK",4,"SF3B1","MEL"
"HNMUCM","PWK",1,"SF3B1","MEL"
"MUP","PWK",3,"SF3B1","MEL"
"SKCM","PWK",11,"SF3B1","MEL"
"UM","PWK",9,"SF3B1","MEL"
"VMM","PWK",2,"SF3B1","MEL"
"ARMM","BK",21,"SF3B1","MEL"
"CSCC","BK",4,"SF3B1","MEL"
"MUP","BK",8,"SF3B1","MEL"
"SKCM","BK",22,"SF3B1","MEL"
"UM","BK",23,"SF3B1","MEL"
"VMM","BK",11,"SF3B1","MEL"
"ARMM","PMK",3,"SF3B1","MEL"
"CSCC","PMK",1,"SF3B1","MEL"
"SKCM","PMK",2,"SF3B1","MEL"
"UM","PMK",1,"SF3B1","MEL"
"VMM","PMK",1,"SF3B1","MEL"
"ARMM","WT",64,"SPEN","MEL"
"CSCC","WT",69,"SPEN","MEL"
"ESMM","WT",2,"SPEN","MEL"
"HNMUCM","WT",38,"SPEN","MEL"
"MUP","WT",122,"SPEN","MEL"
"SKCM","WT",577,"SPEN","MEL"
"UM","WT",84,"SPEN","MEL"
"URMM","WT",4,"SPEN","MEL"
"VMM","WT",38,"SPEN","MEL"
"CSCC","PWK",6,"SPEN","MEL"
"MUP","PWK",7,"SPEN","MEL"
"SKCM","PWK",21,"SPEN","MEL"
"UM","PWK",1,"SPEN","MEL"
"CSCC","BK",22,"SPEN","MEL"
"MUP","BK",17,"SPEN","MEL"
"SKCM","BK",51,"SPEN","MEL"
"CSCC","PMK",1,"SPEN","MEL"
"MUP","PMK",3,"SPEN","MEL"
"SKCM","PMK",10,"SPEN","MEL"
"ARMM","WT",62,"TERT","MEL"
"CSCC","WT",34,"TERT","MEL"
"ESMM","WT",1,"TERT","MEL"
"HNMUCM","WT",32,"TERT","MEL"
"MUP","WT",24,"TERT","MEL"
"SKCM","WT",113,"TERT","MEL"
"UM","WT",84,"TERT","MEL"
"URMM","WT",3,"TERT","MEL"
"VMM","WT",38,"TERT","MEL"
"ARMM","PWK",1,"TERT","MEL"
"CSCC","PWK",3,"TERT","MEL"
"MUP","PWK",3,"TERT","MEL"
"SKCM","PWK",29,"TERT","MEL"
"ARMM","BK",1,"TERT","MEL"
"CSCC","BK",22,"TERT","MEL"
"HNMUCM","BK",4,"TERT","MEL"
"MUP","BK",59,"TERT","MEL"
"SKCM","BK",285,"TERT","MEL"
"UM","BK",1,"TERT","MEL"
"URMM","BK",1,"TERT","MEL"
"CSCC","PMK",39,"TERT","MEL"
"ESMM","PMK",1,"TERT","MEL"
"HNMUCM","PMK",2,"TERT","MEL"
"MUP","PMK",63,"TERT","MEL"
"SKCM","PMK",232,"TERT","MEL"
"ARMM","WT",62,"TERT:NA","MEL"
"CSCC","WT",34,"TERT:NA","MEL"
"ESMM","WT",1,"TERT:NA","MEL"
"HNMUCM","WT",32,"TERT:NA","MEL"
"MUP","WT",24,"TERT:NA","MEL"
"SKCM","WT",113,"TERT:NA","MEL"
"UM","WT",84,"TERT:NA","MEL"
"URMM","WT",3,"TERT:NA","MEL"
"VMM","WT",38,"TERT:NA","MEL"
"CSCC","PWK",3,"TERT:NA","MEL"
"MUP","PWK",3,"TERT:NA","MEL"
"SKCM","PWK",31,"TERT:NA","MEL"
"ARMM","BK",1,"TERT:NA","MEL"
"CSCC","BK",23,"TERT:NA","MEL"
"HNMUCM","BK",4,"TERT:NA","MEL"
"MUP","BK",59,"TERT:NA","MEL"
"SKCM","BK",279,"TERT:NA","MEL"
"UM","BK",1,"TERT:NA","MEL"
"URMM","BK",1,"TERT:NA","MEL"
"CSCC","PMK",37,"TERT:NA","MEL"
"ESMM","PMK",1,"TERT:NA","MEL"
"HNMUCM","PMK",2,"TERT:NA","MEL"
"MUP","PMK",62,"TERT:NA","MEL"
"SKCM","PMK",232,"TERT:NA","MEL"
"ARMM","WT",62,"TET2","MEL"
"CSCC","WT",82,"TET2","MEL"
"ESMM","WT",2,"TET2","MEL"
"HNMUCM","WT",38,"TET2","MEL"
"MUP","WT",127,"TET2","MEL"
"SKCM","WT",570,"TET2","MEL"
"UM","WT",84,"TET2","MEL"
"URMM","WT",4,"TET2","MEL"
"VMM","WT",37,"TET2","MEL"
"CSCC","PWK",2,"TET2","MEL"
"MUP","PWK",2,"TET2","MEL"
"SKCM","PWK",6,"TET2","MEL"
"ARMM","BK",2,"TET2","MEL"
"CSCC","BK",11,"TET2","MEL"
"MUP","BK",15,"TET2","MEL"
"SKCM","BK",58,"TET2","MEL"
"VMM","BK",1,"TET2","MEL"
"CSCC","PMK",3,"TET2","MEL"
"MUP","PMK",5,"TET2","MEL"
"SKCM","PMK",25,"TET2","MEL"
"UM","PMK",1,"TET2","MEL"
"ARMM","WT",55,"TP53","MEL"
"CSCC","WT",12,"TP53","MEL"
"ESMM","WT",2,"TP53","MEL"
"HNMUCM","WT",35,"TP53","MEL"
"MUP","WT",93,"TP53","MEL"
"SKCM","WT",504,"TP53","MEL"
"UM","WT",84,"TP53","MEL"
"URMM","WT",1,"TP53","MEL"
"VMM","WT",25,"TP53","MEL"
"ARMM","PWK",4,"TP53","MEL"
"CSCC","PWK",24,"TP53","MEL"
"HNMUCM","PWK",3,"TP53","MEL"
"MUP","PWK",7,"TP53","MEL"
"SKCM","PWK",19,"TP53","MEL"
"VMM","PWK",6,"TP53","MEL"
"ARMM","BK",3,"TP53","MEL"
"CSCC","BK",52,"TP53","MEL"
"MUP","BK",35,"TP53","MEL"
"SKCM","BK",93,"TP53","MEL"
"URMM","BK",2,"TP53","MEL"
"VMM","BK",6,"TP53","MEL"
"ARMM","PMK",2,"TP53","MEL"
"CSCC","PMK",10,"TP53","MEL"
"MUP","PMK",14,"TP53","MEL"
"SKCM","PMK",43,"TP53","MEL"
"UM","PMK",1,"TP53","MEL"
"URMM","PMK",1,"TP53","MEL"
"VMM","PMK",1,"TP53","MEL"
"ARMM","WT",64,"TP63","MEL"
"CSCC","WT",87,"TP63","MEL"
"ESMM","WT",2,"TP63","MEL"
"HNMUCM","WT",35,"TP63","MEL"
"MUP","WT",117,"TP63","MEL"
"SKCM","WT",526,"TP63","MEL"
"UM","WT",83,"TP63","MEL"
"URMM","WT",4,"TP63","MEL"
"VMM","WT",37,"TP63","MEL"
"CSCC","PWK",3,"TP63","MEL"
"MUP","PWK",5,"TP63","MEL"
"SKCM","PWK",17,"TP63","MEL"
"UM","PWK",1,"TP63","MEL"
"CSCC","BK",8,"TP63","MEL"
"HNMUCM","BK",3,"TP63","MEL"
"MUP","BK",25,"TP63","MEL"
"SKCM","BK",102,"TP63","MEL"
"UM","BK",1,"TP63","MEL"
"VMM","BK",1,"TP63","MEL"
"MUP","PMK",2,"TP63","MEL"
"SKCM","PMK",14,"TP63","MEL"
"ARMM","WT",63,"ZFHX3","MEL"
"CSCC","WT",70,"ZFHX3","MEL"
"ESMM","WT",2,"ZFHX3","MEL"
"HNMUCM","WT",38,"ZFHX3","MEL"
"MUP","WT",128,"ZFHX3","MEL"
"SKCM","WT",563,"ZFHX3","MEL"
"UM","WT",82,"ZFHX3","MEL"
"URMM","WT",4,"ZFHX3","MEL"
"VMM","WT",38,"ZFHX3","MEL"
"CSCC","PWK",7,"ZFHX3","MEL"
"MUP","PWK",7,"ZFHX3","MEL"
"SKCM","PWK",25,"ZFHX3","MEL"
"ARMM","BK",1,"ZFHX3","MEL"
"CSCC","BK",19,"ZFHX3","MEL"
"MUP","BK",13,"ZFHX3","MEL"
"SKCM","BK",62,"ZFHX3","MEL"
"UM","BK",2,"ZFHX3","MEL"
"CSCC","PMK",2,"ZFHX3","MEL"
"MUP","PMK",1,"ZFHX3","MEL"
"SKCM","PMK",9,"ZFHX3","MEL"
"UM","PMK",1,"ZFHX3","MEL"
"CCOV","WT",71,"TP53","OV"
"HGSOC","WT",26,"TP53","OV"
"LGSOC","WT",39,"TP53","OV"
"CCOV","PWK",3,"TP53","OV"
"HGSOC","PWK",157,"TP53","OV"
"LGSOC","PWK",1,"TP53","OV"
"CCOV","BK",9,"TP53","OV"
"HGSOC","BK",276,"TP53","OV"
"CCOV","PMK",1,"TP53","OV"
"HGSOC","PMK",395,"TP53","OV"
"PAAD","WT",1476,"ARID1A","PAAD"
"PANET","WT",127,"ARID1A","PAAD"
"PAAD","PWK",34,"ARID1A","PAAD"
"PANET","PWK",4,"ARID1A","PAAD"
"PAAD","BK",73,"ARID1A","PAAD"
"PANET","BK",7,"ARID1A","PAAD"
"PAAD","PMK",41,"ARID1A","PAAD"
"PANET","PMK",6,"ARID1A","PAAD"
"PAAD","WT",1228,"CDKN2A","PAAD"
"PANET","WT",144,"CDKN2A","PAAD"
"PAAD","PWK",18,"CDKN2A","PAAD"
"PAAD","BK",57,"CDKN2A","PAAD"
"PAAD","PMK",321,"CDKN2A","PAAD"
"PAAD","WT",82,"KRAS","PAAD"
"PANET","WT",132,"KRAS","PAAD"
"PAAD","PWK",533,"KRAS","PAAD"
"PANET","PWK",5,"KRAS","PAAD"
"PAAD","BK",663,"KRAS","PAAD"
"PANET","BK",3,"KRAS","PAAD"
"PAAD","PMK",346,"KRAS","PAAD"
"PANET","PMK",4,"KRAS","PAAD"
"PAAD","WT",82,"KRAS:p.G12","PAAD"
"PANET","WT",132,"KRAS:p.G12","PAAD"
"PAAD","PWK",471,"KRAS:p.G12","PAAD"
"PANET","PWK",2,"KRAS:p.G12","PAAD"
"PAAD","BK",614,"KRAS:p.G12","PAAD"
"PANET","BK",1,"KRAS:p.G12","PAAD"
"PAAD","PMK",325,"KRAS:p.G12","PAAD"
"PANET","PMK",4,"KRAS:p.G12","PAAD"
"PAAD","WT",1524,"RNF43","PAAD"
"PANET","WT",142,"RNF43","PAAD"
"PAAD","PWK",24,"RNF43","PAAD"
"PANET","PWK",1,"RNF43","PAAD"
"PAAD","BK",52,"RNF43","PAAD"
"PANET","BK",1,"RNF43","PAAD"
"PAAD","PMK",24,"RNF43","PAAD"
"PAAD","WT",1254,"SMAD4","PAAD"
"PANET","WT",138,"SMAD4","PAAD"
"PAAD","PWK",43,"SMAD4","PAAD"
"PANET","PWK",2,"SMAD4","PAAD"
"PAAD","BK",85,"SMAD4","PAAD"
"PANET","BK",2,"SMAD4","PAAD"
"PAAD","PMK",242,"SMAD4","PAAD"
"PANET","PMK",2,"SMAD4","PAAD"
"PAAD","WT",325,"TP53","PAAD"
"PANET","WT",114,"TP53","PAAD"
"PAAD","PWK",478,"TP53","PAAD"
"PANET","PWK",5,"TP53","PAAD"
"PAAD","BK",522,"TP53","PAAD"
"PANET","BK",13,"TP53","PAAD"
"PAAD","PMK",299,"TP53","PAAD"
"PANET","PMK",12,"TP53","PAAD"
"UCS","WT",19,"TP53","UCEC:UCEC CSRC"
"UCS","PWK",26,"TP53","UCEC:UCEC CSRC"
"UCS","BK",64,"TP53","UCEC:UCEC CSRC"
"UCS","PMK",75,"TP53","UCEC:UCEC CSRC"
"UEC","WT",280,"ARID1A","UCEC:UCEC ENDO"
"UEC","PWK",73,"ARID1A","UCEC:UCEC ENDO"
"UEC","BK",124,"ARID1A","UCEC:UCEC ENDO"
"UEC","PMK",58,"ARID1A","UCEC:UCEC ENDO"
"UEC","WT",361,"CTNNB1","UCEC:UCEC ENDO"
"UEC","PWK",38,"CTNNB1","UCEC:UCEC ENDO"
"UEC","BK",109,"CTNNB1","UCEC:UCEC ENDO"
"UEC","PMK",27,"CTNNB1","UCEC:UCEC ENDO"
"UEC","WT",392,"KRAS","UCEC:UCEC ENDO"
"UEC","PWK",39,"KRAS","UCEC:UCEC ENDO"
"UEC","BK",74,"KRAS","UCEC:UCEC ENDO"
"UEC","PMK",30,"KRAS","UCEC:UCEC ENDO"
"UEC","WT",392,"KRAS:p.G12","UCEC:UCEC ENDO"
"UEC","PWK",33,"KRAS:p.G12","UCEC:UCEC ENDO"
"UEC","BK",58,"KRAS:p.G12","UCEC:UCEC ENDO"
"UEC","PMK",28,"KRAS:p.G12","UCEC:UCEC ENDO"
"UEC","WT",279,"PIK3CA","UCEC:UCEC ENDO"
"UEC","PWK",67,"PIK3CA","UCEC:UCEC ENDO"
"UEC","BK",112,"PIK3CA","UCEC:UCEC ENDO"
"UEC","PMK",77,"PIK3CA","UCEC:UCEC ENDO"
"UEC","WT",358,"PIK3R1","UCEC:UCEC ENDO"
"UEC","PWK",8,"PIK3R1","UCEC:UCEC ENDO"
"UEC","BK",89,"PIK3R1","UCEC:UCEC ENDO"
"UEC","PMK",80,"PIK3R1","UCEC:UCEC ENDO"
"UEC","WT",149,"PTEN","UCEC:UCEC ENDO"
"UEC","PWK",29,"PTEN","UCEC:UCEC ENDO"
"UEC","BK",111,"PTEN","UCEC:UCEC ENDO"
"UEC","PMK",246,"PTEN","UCEC:UCEC ENDO"
"UEC","WT",29,"ARID1A","UCEC:UCEC HM"
"UEC","PWK",33,"ARID1A","UCEC:UCEC HM"
"UEC","BK",155,"ARID1A","UCEC:UCEC HM"
"UEC","PMK",49,"ARID1A","UCEC:UCEC HM"
"UEC","WT",115,"CTCF","UCEC:UCEC HM"
"UEC","PWK",29,"CTCF","UCEC:UCEC HM"
"UEC","BK",118,"CTCF","UCEC:UCEC HM"
"UEC","PMK",4,"CTCF","UCEC:UCEC HM"
"UEC","WT",150,"FAT1","UCEC:UCEC HM"
"UEC","PWK",15,"FAT1","UCEC:UCEC HM"
"UEC","BK",80,"FAT1","UCEC:UCEC HM"
"UEC","PMK",21,"FAT1","UCEC:UCEC HM"
"UEC","WT",142,"JAK1","UCEC:UCEC HM"
"UEC","PWK",20,"JAK1","UCEC:UCEC HM"
"UEC","BK",77,"JAK1","UCEC:UCEC HM"
"UEC","PMK",27,"JAK1","UCEC:UCEC HM"
"UEC","WT",114,"KMT2D","UCEC:UCEC HM"
"UEC","PWK",40,"KMT2D","UCEC:UCEC HM"
"UEC","BK",106,"KMT2D","UCEC:UCEC HM"
"UEC","PMK",6,"KMT2D","UCEC:UCEC HM"
"UEC","WT",83,"PIK3CA","UCEC:UCEC HM"
"UEC","PWK",24,"PIK3CA","UCEC:UCEC HM"
"UEC","BK",86,"PIK3CA","UCEC:UCEC HM"
"UEC","PMK",73,"PIK3CA","UCEC:UCEC HM"
"UEC","WT",159,"PIK3R1","UCEC:UCEC HM"
"UEC","PWK",5,"PIK3R1","UCEC:UCEC HM"
"UEC","BK",43,"PIK3R1","UCEC:UCEC HM"
"UEC","PMK",59,"PIK3R1","UCEC:UCEC HM"
"UEC","WT",160,"POLE","UCEC:UCEC HM"
"UEC","PWK",21,"POLE","UCEC:UCEC HM"
"UEC","BK",76,"POLE","UCEC:UCEC HM"
"UEC","PMK",9,"POLE","UCEC:UCEC HM"
"UEC","WT",25,"PTEN","UCEC:UCEC HM"
"UEC","PWK",4,"PTEN","UCEC:UCEC HM"
"UEC","BK",52,"PTEN","UCEC:UCEC HM"
"UEC","PMK",185,"PTEN","UCEC:UCEC HM"
"UEC","WT",113,"ZFHX3","UCEC:UCEC HM"
"UEC","PWK",23,"ZFHX3","UCEC:UCEC HM"
"UEC","BK",109,"ZFHX3","UCEC:UCEC HM"
"UEC","PMK",21,"ZFHX3","UCEC:UCEC HM"
"USC","WT",148,"PIK3CA","UCEC:UCEC SEROUS"
"USC","PWK",19,"PIK3CA","UCEC:UCEC SEROUS"
"USC","BK",41,"PIK3CA","UCEC:UCEC SEROUS"
"USC","PMK",59,"PIK3CA","UCEC:UCEC SEROUS"
"USC","WT",7,"TP53","UCEC:UCEC SEROUS"
"USC","PWK",59,"TP53","UCEC:UCEC SEROUS"
"USC","BK",105,"TP53","UCEC:UCEC SEROUS"
"USC","PMK",96,"TP53","UCEC:UCEC SEROUS"
