"tt","gene","term","n_used","n_keep","rand_HR_med","rand_HR_q05","rand_HR_q95","rand_sig_share"
"PAAD","KRAS","classPWK",1768,1624,2.0470201789038,1.92572116287442,2.19305853950462,1
"PAAD","KRAS","classBK",1768,1624,2.2914040351207,2.14271759820894,2.46872142701243,1
"PAAD","KRAS","classPMK",1768,1624,3.20408164448329,3.01684024946962,3.43346196518034,1
"PAAD","TP53","classPWK",1768,1624,1.58468120176407,1.52132978298393,1.6676863359276,1
"PAAD","TP53","classBK",1768,1624,1.87580341034084,1.80260523737346,1.95540130598042,1
"PAAD","TP53","classPMK",1768,1624,1.78366015266344,1.68893635229578,1.87565652085979,1
"OV","TP53","classPWK",978,854,1.24672318412379,1.09378720606804,1.43182316598472,0
"OV","TP53","classBK",978,854,1.20668656709122,1.06748694768274,1.34249548974309,0
"OV","TP53","classPMK",978,854,1.22204419398094,1.07771346100876,1.41111162494928,0.00666666666666667
"MEL","NRAS","classPWK",1137,659,0.662952005490629,0.38023099837096,0.965142723794218,0.0766666666666667
"MEL","NRAS","classBK",1137,659,1.29007807388399,1.05604118171982,1.61118609129233,0.203333333333333
"MEL","NRAS","classPMK",1137,659,1.62538018921103,1.2320333309976,2.17748129412105,0.533333333333333
"MEL","TP53","classPWK",1137,659,1.29579170889397,0.942713216878988,1.78277245689372,0.09
"MEL","TP53","classBK",1137,659,0.92605940082295,0.745230511899903,1.1831087915235,0.00666666666666667
"MEL","TP53","classPMK",1137,659,1.24268669851139,0.957996382570208,1.5927504495432,0.03
"HCC","TP53","classPWK",752,175,1.47812054928883,0.883590069581786,2.63855377165525,0.256666666666667
"HCC","TP53","classBK",752,175,1.48374728922474,0.863877612088941,2.50130524185642,0.33
"HCC","TP53","classPMK",752,175,1.67520185685558,1.04633251595681,3.00488170675328,0.34
"CRC:CRC MSS","BRAF:p.V600E","classPWK",2984,1903,2.9681762690112,2.25539704229016,3.99361314810484,0.99
"CRC:CRC MSS","BRAF:p.V600E","classBK",2984,1903,2.19430084671488,1.75011020873925,2.71647911151458,0.99
"CRC:CRC MSS","BRAF:p.V600E","classPMK",2984,1903,2.27155083095183,1.53839343347764,3.27356242098238,0.7
